14,Docstrings should be defined,MAJOR,CLOSED,5,8aed973dfefeabf45a484170fd240a9bd30f5a12,BroganD1993,2014/2/8,2014/3/9,BroganD1993,2f57c3fe4783344441e36aea5a845f54291ba46f,AWjfI8VlrItCDyYjNiPO,cloudstack-ec2stack/ec2stack/controllers/__init__.py
14,Docstrings should be defined,MAJOR,CLOSED,5,8aed973dfefeabf45a484170fd240a9bd30f5a12,BroganD1993,2014/2/8,2014/3/9,BroganD1993,2f57c3fe4783344441e36aea5a845f54291ba46f,AWjfI8VmrItCDyYjNiPQ,cloudstack-ec2stack/ec2stack/core.py
14,Docstrings should be defined,MAJOR,CLOSED,5,8aed973dfefeabf45a484170fd240a9bd30f5a12,BroganD1993,2014/2/8,2014/3/1,BroganD1993,3d052a8deb9930cd0a734ea1679d38471807d643,AWjfI8VnrItCDyYjNiPR,cloudstack-ec2stack/ec2stack/helpers.py
14,Docstrings should be defined,MAJOR,CLOSED,5,8aed973dfefeabf45a484170fd240a9bd30f5a12,BroganD1993,2014/2/8,2014/3/8,BroganD1993,0a4e766a0a29e0dd99dd1e76e1eaab61d35f809b,AWjfI8VnrItCDyYjNiPR,cloudstack-ec2stack/ec2stack/helpers.py
14,Docstrings should be defined,MAJOR,CLOSED,5,8aed973dfefeabf45a484170fd240a9bd30f5a12,BroganD1993,2014/2/8,2014/3/9,BroganD1993,2f57c3fe4783344441e36aea5a845f54291ba46f,AWjfI8VnrItCDyYjNiPR,cloudstack-ec2stack/ec2stack/helpers.py
14,Docstrings should be defined,MAJOR,CLOSED,5,8aed973dfefeabf45a484170fd240a9bd30f5a12,BroganD1993,2014/2/8,2014/2/22,Ian Duffy,e66a85a4806ca73999c603462866f4d2b2ef51b1,AWjfI8VqrItCDyYjNiPU,cloudstack-ec2stack/ec2stack/__init__.py
14,Docstrings should be defined,MAJOR,CLOSED,5,8aed973dfefeabf45a484170fd240a9bd30f5a12,BroganD1993,2014/2/8,2014/3/8,BroganD1993,0a4e766a0a29e0dd99dd1e76e1eaab61d35f809b,AWjfI8VqrItCDyYjNiPU,cloudstack-ec2stack/ec2stack/__init__.py
14,Docstrings should be defined,MAJOR,CLOSED,5,8aed973dfefeabf45a484170fd240a9bd30f5a12,BroganD1993,2014/2/8,2014/3/9,BroganD1993,2f57c3fe4783344441e36aea5a845f54291ba46f,AWjfI8VprItCDyYjNiPT,cloudstack-ec2stack/ec2stack/services.py
14,Docstrings should be defined,MAJOR,CLOSED,5,8aed973dfefeabf45a484170fd240a9bd30f5a12,BroganD1993,2014/2/8,2014/3/9,BroganD1993,2f57c3fe4783344441e36aea5a845f54291ba46f,AWjfI8VqrItCDyYjNiPU,cloudstack-ec2stack/ec2stack/__init__.py
14,Docstrings should be defined,MAJOR,CLOSED,5,8aed973dfefeabf45a484170fd240a9bd30f5a12,BroganD1993,2014/2/8,2014/3/9,BroganD1993,2f57c3fe4783344441e36aea5a845f54291ba46f,AWjfI8VrrItCDyYjNiPV,cloudstack-ec2stack/ec2stack/__main__.py
14,Docstrings should be defined,MAJOR,CLOSED,5,8aed973dfefeabf45a484170fd240a9bd30f5a12,BroganD1993,2014/2/8,2014/3/8,BroganD1993,0a4e766a0a29e0dd99dd1e76e1eaab61d35f809b,AWjfI8VrrItCDyYjNiPV,cloudstack-ec2stack/ec2stack/__main__.py
57,Source files should have a sufficient density of comment lines,MAJOR,CLOSED,2,8aed973dfefeabf45a484170fd240a9bd30f5a12,BroganD1993,2014/2/8,2014/3/8,BroganD1993,0a4e766a0a29e0dd99dd1e76e1eaab61d35f809b,AWjfPY3RrItCDyYjNmMp,cloudstack-ec2stack/ec2stack/models/users/models.py
14,Docstrings should be defined,MAJOR,CLOSED,5,8aed973dfefeabf45a484170fd240a9bd30f5a12,BroganD1993,2014/2/8,2014/3/9,BroganD1993,2f57c3fe4783344441e36aea5a845f54291ba46f,AWjfPY3RrItCDyYjNmMp,cloudstack-ec2stack/ec2stack/models/users/models.py
14,Docstrings should be defined,MAJOR,CLOSED,5,5ad915a227a3d8865c7ea5dafd76907e953f63f6,BroganD1993,2014/2/15,2014/3/9,BroganD1993,2f57c3fe4783344441e36aea5a845f54291ba46f,AWjfQA4mrItCDyYjNmXU,cloudstack-ec2stack/ec2stack/providers/cloudstack/requester.py
14,Docstrings should be defined,MAJOR,CLOSED,5,5ad915a227a3d8865c7ea5dafd76907e953f63f6,BroganD1993,2014/2/15,2014/3/1,BroganD1993,3d052a8deb9930cd0a734ea1679d38471807d643,AWjfI8VnrItCDyYjNiPR,cloudstack-ec2stack/ec2stack/helpers.py
386,Bad continuation,MINOR,CLOSED,5,8aed973dfefeabf45a484170fd240a9bd30f5a12,BroganD1993,2014/2/8,2014/3/1,BroganD1993,3d052a8deb9930cd0a734ea1679d38471807d643,AWjfI8VyrItCDyYjNiPc,cloudstack-ec2stack/migrations/versions/1b1a5f6b42a_.py
386,Bad continuation,MINOR,CLOSED,5,8aed973dfefeabf45a484170fd240a9bd30f5a12,BroganD1993,2014/2/8,2014/3/1,BroganD1993,3d052a8deb9930cd0a734ea1679d38471807d643,AWjfI8VyrItCDyYjNiPc,cloudstack-ec2stack/migrations/versions/1b1a5f6b42a_.py
386,Bad continuation,MINOR,CLOSED,5,8aed973dfefeabf45a484170fd240a9bd30f5a12,BroganD1993,2014/2/8,2014/3/1,BroganD1993,3d052a8deb9930cd0a734ea1679d38471807d643,AWjfI8VyrItCDyYjNiPc,cloudstack-ec2stack/migrations/versions/1b1a5f6b42a_.py
386,Bad continuation,MINOR,CLOSED,5,8aed973dfefeabf45a484170fd240a9bd30f5a12,BroganD1993,2014/2/8,2014/3/1,BroganD1993,3d052a8deb9930cd0a734ea1679d38471807d643,AWjfI8VyrItCDyYjNiPc,cloudstack-ec2stack/migrations/versions/1b1a5f6b42a_.py
381,Unused variable,MINOR,CLOSED,5,e66a85a4806ca73999c603462866f4d2b2ef51b1,Ian Duffy,2014/2/22,2014/3/1,BroganD1993,3d052a8deb9930cd0a734ea1679d38471807d643,AWjfQA4vrItCDyYjNmXa,cloudstack-ec2stack/tests/controller_tests.py
14,Docstrings should be defined,MAJOR,CLOSED,5,3d052a8deb9930cd0a734ea1679d38471807d643,BroganD1993,2014/3/1,2014/3/8,BroganD1993,0a4e766a0a29e0dd99dd1e76e1eaab61d35f809b,AWjfQTRTrItCDyYjNmpP,cloudstack-ec2stack/ec2stack/errors.py
14,Docstrings should be defined,MAJOR,CLOSED,5,3d052a8deb9930cd0a734ea1679d38471807d643,BroganD1993,2014/3/1,2014/3/8,BroganD1993,0a4e766a0a29e0dd99dd1e76e1eaab61d35f809b,AWjfQTRTrItCDyYjNmpP,cloudstack-ec2stack/ec2stack/errors.py
14,Docstrings should be defined,MAJOR,CLOSED,5,3d052a8deb9930cd0a734ea1679d38471807d643,BroganD1993,2014/3/1,2014/3/8,BroganD1993,0a4e766a0a29e0dd99dd1e76e1eaab61d35f809b,AWjfQTRTrItCDyYjNmpP,cloudstack-ec2stack/ec2stack/errors.py
14,Docstrings should be defined,MAJOR,CLOSED,5,3d052a8deb9930cd0a734ea1679d38471807d643,BroganD1993,2014/3/1,2014/3/8,BroganD1993,0a4e766a0a29e0dd99dd1e76e1eaab61d35f809b,AWjfQTRTrItCDyYjNmpP,cloudstack-ec2stack/ec2stack/errors.py
14,Docstrings should be defined,MAJOR,CLOSED,5,3d052a8deb9930cd0a734ea1679d38471807d643,BroganD1993,2014/3/1,2014/3/8,BroganD1993,0a4e766a0a29e0dd99dd1e76e1eaab61d35f809b,AWjfQTRTrItCDyYjNmpP,cloudstack-ec2stack/ec2stack/errors.py
14,Docstrings should be defined,MAJOR,CLOSED,5,3d052a8deb9930cd0a734ea1679d38471807d643,BroganD1993,2014/3/1,2014/3/8,BroganD1993,0a4e766a0a29e0dd99dd1e76e1eaab61d35f809b,AWjfQTRTrItCDyYjNmpP,cloudstack-ec2stack/ec2stack/errors.py
14,Docstrings should be defined,MAJOR,CLOSED,5,3d052a8deb9930cd0a734ea1679d38471807d643,BroganD1993,2014/3/1,2014/3/8,BroganD1993,0a4e766a0a29e0dd99dd1e76e1eaab61d35f809b,AWjfQTRTrItCDyYjNmpP,cloudstack-ec2stack/ec2stack/errors.py
14,Docstrings should be defined,MAJOR,CLOSED,5,3d052a8deb9930cd0a734ea1679d38471807d643,BroganD1993,2014/3/1,2014/3/8,BroganD1993,0a4e766a0a29e0dd99dd1e76e1eaab61d35f809b,AWjfQTRTrItCDyYjNmpP,cloudstack-ec2stack/ec2stack/errors.py
14,Docstrings should be defined,MAJOR,CLOSED,5,3d052a8deb9930cd0a734ea1679d38471807d643,BroganD1993,2014/3/1,2014/3/8,BroganD1993,0a4e766a0a29e0dd99dd1e76e1eaab61d35f809b,AWjfQTRTrItCDyYjNmpP,cloudstack-ec2stack/ec2stack/errors.py
14,Docstrings should be defined,MAJOR,CLOSED,5,3d052a8deb9930cd0a734ea1679d38471807d643,BroganD1993,2014/3/1,2014/3/8,BroganD1993,0a4e766a0a29e0dd99dd1e76e1eaab61d35f809b,AWjfQTRTrItCDyYjNmpP,cloudstack-ec2stack/ec2stack/errors.py
14,Docstrings should be defined,MAJOR,CLOSED,5,3d052a8deb9930cd0a734ea1679d38471807d643,BroganD1993,2014/3/1,2014/3/8,BroganD1993,0a4e766a0a29e0dd99dd1e76e1eaab61d35f809b,AWjfQTRTrItCDyYjNmpP,cloudstack-ec2stack/ec2stack/errors.py
14,Docstrings should be defined,MAJOR,CLOSED,5,3d052a8deb9930cd0a734ea1679d38471807d643,BroganD1993,2014/3/1,2014/3/8,BroganD1993,0a4e766a0a29e0dd99dd1e76e1eaab61d35f809b,AWjfQTRTrItCDyYjNmpP,cloudstack-ec2stack/ec2stack/errors.py
57,Source files should have a sufficient density of comment lines,MAJOR,CLOSED,50,3d052a8deb9930cd0a734ea1679d38471807d643,BroganD1993,2014/3/1,2014/3/8,BroganD1993,0a4e766a0a29e0dd99dd1e76e1eaab61d35f809b,AWjfQTRTrItCDyYjNmpP,cloudstack-ec2stack/ec2stack/errors.py
57,Source files should have a sufficient density of comment lines,MAJOR,CLOSED,22,0a4e766a0a29e0dd99dd1e76e1eaab61d35f809b,BroganD1993,2014/3/8,2015/4/14,Ian Duffy,21d8b4b1d6ca8c356e07c8103c72b6b20419ec0d,AWjfQA4wrItCDyYjNmXb,cloudstack-ec2stack/tests/disk_offering_tests.py
14,Docstrings should be defined,MAJOR,CLOSED,5,3d052a8deb9930cd0a734ea1679d38471807d643,BroganD1993,2014/3/1,2014/3/8,BroganD1993,0a4e766a0a29e0dd99dd1e76e1eaab61d35f809b,AWjfQTRmrItCDyYjNmpR,cloudstack-ec2stack/ec2stack/providers/cloudstack/passwords.py
14,Docstrings should be defined,MAJOR,CLOSED,5,3d052a8deb9930cd0a734ea1679d38471807d643,BroganD1993,2014/3/1,2014/3/8,BroganD1993,0a4e766a0a29e0dd99dd1e76e1eaab61d35f809b,AWjfQTRmrItCDyYjNmpR,cloudstack-ec2stack/ec2stack/providers/cloudstack/passwords.py
14,Docstrings should be defined,MAJOR,CLOSED,5,3d052a8deb9930cd0a734ea1679d38471807d643,BroganD1993,2014/3/1,2014/3/8,BroganD1993,0a4e766a0a29e0dd99dd1e76e1eaab61d35f809b,AWjfQTRyrItCDyYjNmpS,cloudstack-ec2stack/ec2stack/providers/cloudstack/security_groups.py
14,Docstrings should be defined,MAJOR,CLOSED,5,3d052a8deb9930cd0a734ea1679d38471807d643,BroganD1993,2014/3/1,2014/3/8,BroganD1993,0a4e766a0a29e0dd99dd1e76e1eaab61d35f809b,AWjfQTRyrItCDyYjNmpS,cloudstack-ec2stack/ec2stack/providers/cloudstack/security_groups.py
14,Docstrings should be defined,MAJOR,CLOSED,5,3d052a8deb9930cd0a734ea1679d38471807d643,BroganD1993,2014/3/1,2014/3/8,BroganD1993,0a4e766a0a29e0dd99dd1e76e1eaab61d35f809b,AWjfQTRyrItCDyYjNmpS,cloudstack-ec2stack/ec2stack/providers/cloudstack/security_groups.py
14,Docstrings should be defined,MAJOR,CLOSED,5,3d052a8deb9930cd0a734ea1679d38471807d643,BroganD1993,2014/3/1,2014/3/8,BroganD1993,0a4e766a0a29e0dd99dd1e76e1eaab61d35f809b,AWjfQTRyrItCDyYjNmpS,cloudstack-ec2stack/ec2stack/providers/cloudstack/security_groups.py
360,Undefined name,MAJOR,CLOSED,10,5ad915a227a3d8865c7ea5dafd76907e953f63f6,BroganD1993,2014/2/15,2014/3/1,BroganD1993,3d052a8deb9930cd0a734ea1679d38471807d643,AWjfI8VirItCDyYjNiPL,cloudstack-ec2stack/ec2stack/controllers/default.py
57,Source files should have a sufficient density of comment lines,MAJOR,CLOSED,14,8aed973dfefeabf45a484170fd240a9bd30f5a12,BroganD1993,2014/2/8,2014/3/8,BroganD1993,0a4e766a0a29e0dd99dd1e76e1eaab61d35f809b,AWjfI8VmrItCDyYjNiPQ,cloudstack-ec2stack/ec2stack/core.py
281,Syntax error,MAJOR,CLOSED,5,8aed973dfefeabf45a484170fd240a9bd30f5a12,BroganD1993,2014/2/8,2014/2/15,BroganD1993,5ad915a227a3d8865c7ea5dafd76907e953f63f6,AWjfI8VnrItCDyYjNiPR,cloudstack-ec2stack/ec2stack/helpers.py
21,"The ""print"" statement should not be used",MAJOR,CLOSED,5,8aed973dfefeabf45a484170fd240a9bd30f5a12,BroganD1993,2014/2/8,2014/2/15,BroganD1993,5ad915a227a3d8865c7ea5dafd76907e953f63f6,AWjfI8VnrItCDyYjNiPR,cloudstack-ec2stack/ec2stack/helpers.py
21,"The ""print"" statement should not be used",MAJOR,CLOSED,5,8aed973dfefeabf45a484170fd240a9bd30f5a12,BroganD1993,2014/2/8,2014/2/15,BroganD1993,5ad915a227a3d8865c7ea5dafd76907e953f63f6,AWjfI8VnrItCDyYjNiPR,cloudstack-ec2stack/ec2stack/helpers.py
21,"The ""print"" statement should not be used",MAJOR,CLOSED,5,8aed973dfefeabf45a484170fd240a9bd30f5a12,BroganD1993,2014/2/8,2014/2/15,BroganD1993,5ad915a227a3d8865c7ea5dafd76907e953f63f6,AWjfI8VnrItCDyYjNiPR,cloudstack-ec2stack/ec2stack/helpers.py
14,Docstrings should be defined,MAJOR,CLOSED,5,8aed973dfefeabf45a484170fd240a9bd30f5a12,BroganD1993,2014/2/8,2014/2/15,BroganD1993,5ad915a227a3d8865c7ea5dafd76907e953f63f6,AWjfI8VnrItCDyYjNiPR,cloudstack-ec2stack/ec2stack/helpers.py
14,Docstrings should be defined,MAJOR,CLOSED,5,8aed973dfefeabf45a484170fd240a9bd30f5a12,BroganD1993,2014/2/8,2014/2/15,BroganD1993,5ad915a227a3d8865c7ea5dafd76907e953f63f6,AWjfI8VnrItCDyYjNiPR,cloudstack-ec2stack/ec2stack/helpers.py
14,Docstrings should be defined,MAJOR,CLOSED,5,8aed973dfefeabf45a484170fd240a9bd30f5a12,BroganD1993,2014/2/8,2014/2/15,BroganD1993,5ad915a227a3d8865c7ea5dafd76907e953f63f6,AWjfI8VnrItCDyYjNiPR,cloudstack-ec2stack/ec2stack/helpers.py
14,Docstrings should be defined,MAJOR,CLOSED,5,8aed973dfefeabf45a484170fd240a9bd30f5a12,BroganD1993,2014/2/8,2014/2/15,BroganD1993,5ad915a227a3d8865c7ea5dafd76907e953f63f6,AWjfI8VnrItCDyYjNiPR,cloudstack-ec2stack/ec2stack/helpers.py
288,Wildcard import,MINOR,CLOSED,0,8aed973dfefeabf45a484170fd240a9bd30f5a12,BroganD1993,2014/2/8,2014/2/15,BroganD1993,5ad915a227a3d8865c7ea5dafd76907e953f63f6,AWjfI8VqrItCDyYjNiPU,cloudstack-ec2stack/ec2stack/__init__.py
28,IP addresses should not be hardcoded,MINOR,CLOSED,30,8aed973dfefeabf45a484170fd240a9bd30f5a12,BroganD1993,2014/2/8,2014/2/15,BroganD1993,5ad915a227a3d8865c7ea5dafd76907e953f63f6,AWjfI8VrrItCDyYjNiPV,cloudstack-ec2stack/ec2stack/__main__.py
57,Source files should have a sufficient density of comment lines,MAJOR,CLOSED,6,8aed973dfefeabf45a484170fd240a9bd30f5a12,BroganD1993,2014/2/8,2014/3/8,BroganD1993,0a4e766a0a29e0dd99dd1e76e1eaab61d35f809b,AWjfI8VrrItCDyYjNiPV,cloudstack-ec2stack/ec2stack/__main__.py
14,Docstrings should be defined,MAJOR,CLOSED,5,5ad915a227a3d8865c7ea5dafd76907e953f63f6,BroganD1993,2014/2/15,2014/3/9,BroganD1993,2f57c3fe4783344441e36aea5a845f54291ba46f,AWjfPY3SrItCDyYjNmMq,cloudstack-ec2stack/ec2stack/models/users/__init__.py
14,Docstrings should be defined,MAJOR,CLOSED,5,5ad915a227a3d8865c7ea5dafd76907e953f63f6,BroganD1993,2014/2/15,2014/3/9,BroganD1993,2f57c3fe4783344441e36aea5a845f54291ba46f,AWjfPY3WrItCDyYjNmMs,cloudstack-ec2stack/ec2stack/models/__init__.py
14,Docstrings should be defined,MAJOR,CLOSED,5,8aed973dfefeabf45a484170fd240a9bd30f5a12,BroganD1993,2014/2/8,2014/3/8,BroganD1993,0a4e766a0a29e0dd99dd1e76e1eaab61d35f809b,AWjfI8VirItCDyYjNiPL,cloudstack-ec2stack/ec2stack/controllers/default.py
382,Unused argument,MINOR,CLOSED,15,5ad915a227a3d8865c7ea5dafd76907e953f63f6,BroganD1993,2014/2/15,2014/2/22,Ian Duffy,e66a85a4806ca73999c603462866f4d2b2ef51b1,AWjfI8VirItCDyYjNiPL,cloudstack-ec2stack/ec2stack/controllers/default.py
14,Docstrings should be defined,MAJOR,CLOSED,5,5ad915a227a3d8865c7ea5dafd76907e953f63f6,BroganD1993,2014/2/15,2014/2/22,Ian Duffy,e66a85a4806ca73999c603462866f4d2b2ef51b1,AWjfI8VirItCDyYjNiPL,cloudstack-ec2stack/ec2stack/controllers/default.py
14,Docstrings should be defined,MAJOR,CLOSED,5,8aed973dfefeabf45a484170fd240a9bd30f5a12,BroganD1993,2014/2/8,2014/2/22,Ian Duffy,e66a85a4806ca73999c603462866f4d2b2ef51b1,AWjfI8VnrItCDyYjNiPR,cloudstack-ec2stack/ec2stack/helpers.py
4,Parentheses should not be used after certain keywords,MINOR,CLOSED,1,8aed973dfefeabf45a484170fd240a9bd30f5a12,BroganD1993,2014/2/8,2014/2/22,Ian Duffy,e66a85a4806ca73999c603462866f4d2b2ef51b1,AWjfI8VnrItCDyYjNiPR,cloudstack-ec2stack/ec2stack/helpers.py
14,Docstrings should be defined,MAJOR,CLOSED,5,8aed973dfefeabf45a484170fd240a9bd30f5a12,BroganD1993,2014/2/8,2014/2/22,Ian Duffy,e66a85a4806ca73999c603462866f4d2b2ef51b1,AWjfI8VnrItCDyYjNiPR,cloudstack-ec2stack/ec2stack/helpers.py
14,Docstrings should be defined,MAJOR,CLOSED,5,8aed973dfefeabf45a484170fd240a9bd30f5a12,BroganD1993,2014/2/8,2014/3/8,BroganD1993,0a4e766a0a29e0dd99dd1e76e1eaab61d35f809b,AWjfI8VirItCDyYjNiPL,cloudstack-ec2stack/ec2stack/controllers/default.py
281,Syntax error,MAJOR,CLOSED,5,5ad915a227a3d8865c7ea5dafd76907e953f63f6,BroganD1993,2014/2/15,2014/2/22,Ian Duffy,e66a85a4806ca73999c603462866f4d2b2ef51b1,AWjfI8VnrItCDyYjNiPR,cloudstack-ec2stack/ec2stack/helpers.py
21,"The ""print"" statement should not be used",MAJOR,CLOSED,5,5ad915a227a3d8865c7ea5dafd76907e953f63f6,BroganD1993,2014/2/15,2014/2/22,Ian Duffy,e66a85a4806ca73999c603462866f4d2b2ef51b1,AWjfI8VnrItCDyYjNiPR,cloudstack-ec2stack/ec2stack/helpers.py
21,"The ""print"" statement should not be used",MAJOR,CLOSED,5,5ad915a227a3d8865c7ea5dafd76907e953f63f6,BroganD1993,2014/2/15,2014/2/22,Ian Duffy,e66a85a4806ca73999c603462866f4d2b2ef51b1,AWjfI8VnrItCDyYjNiPR,cloudstack-ec2stack/ec2stack/helpers.py
14,Docstrings should be defined,MAJOR,CLOSED,5,5ad915a227a3d8865c7ea5dafd76907e953f63f6,BroganD1993,2014/2/15,2014/2/22,Ian Duffy,e66a85a4806ca73999c603462866f4d2b2ef51b1,AWjfI8VnrItCDyYjNiPR,cloudstack-ec2stack/ec2stack/helpers.py
14,Docstrings should be defined,MAJOR,CLOSED,5,5ad915a227a3d8865c7ea5dafd76907e953f63f6,BroganD1993,2014/2/15,2014/2/22,Ian Duffy,e66a85a4806ca73999c603462866f4d2b2ef51b1,AWjfI8VnrItCDyYjNiPR,cloudstack-ec2stack/ec2stack/helpers.py
14,Docstrings should be defined,MAJOR,CLOSED,5,8aed973dfefeabf45a484170fd240a9bd30f5a12,BroganD1993,2014/2/8,2014/2/22,Ian Duffy,e66a85a4806ca73999c603462866f4d2b2ef51b1,AWjfI8VqrItCDyYjNiPU,cloudstack-ec2stack/ec2stack/__init__.py
57,Source files should have a sufficient density of comment lines,MAJOR,CLOSED,26,8aed973dfefeabf45a484170fd240a9bd30f5a12,BroganD1993,2014/2/8,2014/3/8,BroganD1993,0a4e766a0a29e0dd99dd1e76e1eaab61d35f809b,AWjfI8VqrItCDyYjNiPU,cloudstack-ec2stack/ec2stack/__init__.py
14,Docstrings should be defined,MAJOR,CLOSED,5,e66a85a4806ca73999c603462866f4d2b2ef51b1,Ian Duffy,2014/2/22,2014/3/8,BroganD1993,0a4e766a0a29e0dd99dd1e76e1eaab61d35f809b,AWjfI8VqrItCDyYjNiPU,cloudstack-ec2stack/ec2stack/__init__.py
14,Docstrings should be defined,MAJOR,CLOSED,5,e66a85a4806ca73999c603462866f4d2b2ef51b1,Ian Duffy,2014/2/22,2014/3/8,BroganD1993,0a4e766a0a29e0dd99dd1e76e1eaab61d35f809b,AWjfI8VqrItCDyYjNiPU,cloudstack-ec2stack/ec2stack/__init__.py
14,Docstrings should be defined,MAJOR,CLOSED,5,e66a85a4806ca73999c603462866f4d2b2ef51b1,Ian Duffy,2014/2/22,2014/3/8,BroganD1993,0a4e766a0a29e0dd99dd1e76e1eaab61d35f809b,AWjfI8VqrItCDyYjNiPU,cloudstack-ec2stack/ec2stack/__init__.py
14,Docstrings should be defined,MAJOR,CLOSED,5,e66a85a4806ca73999c603462866f4d2b2ef51b1,Ian Duffy,2014/2/22,2014/3/9,BroganD1993,2f57c3fe4783344441e36aea5a845f54291ba46f,AWjfQA4drItCDyYjNmXO,cloudstack-ec2stack/ec2stack/providers/cloudstack/disk_offerings.py
14,Docstrings should be defined,MAJOR,CLOSED,5,e66a85a4806ca73999c603462866f4d2b2ef51b1,Ian Duffy,2014/2/22,2014/3/9,BroganD1993,2f57c3fe4783344441e36aea5a845f54291ba46f,AWjfQA4erItCDyYjNmXP,cloudstack-ec2stack/ec2stack/providers/cloudstack/images.py
14,Docstrings should be defined,MAJOR,CLOSED,5,e66a85a4806ca73999c603462866f4d2b2ef51b1,Ian Duffy,2014/2/22,2014/3/9,BroganD1993,2f57c3fe4783344441e36aea5a845f54291ba46f,AWjfQA4frItCDyYjNmXQ,cloudstack-ec2stack/ec2stack/providers/cloudstack/instances.py
14,Docstrings should be defined,MAJOR,CLOSED,5,5ad915a227a3d8865c7ea5dafd76907e953f63f6,BroganD1993,2014/2/15,2014/3/9,BroganD1993,2f57c3fe4783344441e36aea5a845f54291ba46f,AWjfQA4prItCDyYjNmXX,cloudstack-ec2stack/ec2stack/providers/cloudstack/__init__.py
14,Docstrings should be defined,MAJOR,CLOSED,5,e66a85a4806ca73999c603462866f4d2b2ef51b1,Ian Duffy,2014/2/22,2014/3/9,BroganD1993,2f57c3fe4783344441e36aea5a845f54291ba46f,AWjfQA4qrItCDyYjNmXZ,cloudstack-ec2stack/ec2stack/providers/__init__.py
57,Source files should have a sufficient density of comment lines,MAJOR,CLOSED,4,e66a85a4806ca73999c603462866f4d2b2ef51b1,Ian Duffy,2014/2/22,2015/4/14,Ian Duffy,21d8b4b1d6ca8c356e07c8103c72b6b20419ec0d,AWjfQA4xrItCDyYjNmXc,cloudstack-ec2stack/tests/factories.py
57,Source files should have a sufficient density of comment lines,MAJOR,CLOSED,22,e66a85a4806ca73999c603462866f4d2b2ef51b1,Ian Duffy,2014/2/22,2015/4/14,Ian Duffy,21d8b4b1d6ca8c356e07c8103c72b6b20419ec0d,AWjfQA45rItCDyYjNmXg,cloudstack-ec2stack/tests/password_tests.py
8,Method names should comply with a naming convention,MINOR,CLOSED,5,8aed973dfefeabf45a484170fd240a9bd30f5a12,BroganD1993,2014/2/8,2014/3/1,BroganD1993,3d052a8deb9930cd0a734ea1679d38471807d643,AWjfI8V2rItCDyYjNiPh,cloudstack-ec2stack/tests/utils.py
8,Method names should comply with a naming convention,MINOR,CLOSED,5,8aed973dfefeabf45a484170fd240a9bd30f5a12,BroganD1993,2014/2/8,2014/3/1,BroganD1993,3d052a8deb9930cd0a734ea1679d38471807d643,AWjfI8V2rItCDyYjNiPh,cloudstack-ec2stack/tests/utils.py
27,Methods and properties that don't access instance data should be static,MINOR,CLOSED,5,e66a85a4806ca73999c603462866f4d2b2ef51b1,Ian Duffy,2014/2/22,2014/3/1,BroganD1993,3d052a8deb9930cd0a734ea1679d38471807d643,AWjfI8V2rItCDyYjNiPh,cloudstack-ec2stack/tests/utils.py
57,Source files should have a sufficient density of comment lines,MAJOR,CLOSED,10,e66a85a4806ca73999c603462866f4d2b2ef51b1,Ian Duffy,2014/2/22,2015/4/14,Ian Duffy,21d8b4b1d6ca8c356e07c8103c72b6b20419ec0d,AWjfQA46rItCDyYjNmXi,cloudstack-ec2stack/tests/settings.py
411,Bad first argument given to super,MAJOR,CLOSED,10,8aed973dfefeabf45a484170fd240a9bd30f5a12,BroganD1993,2014/2/8,2014/2/22,Ian Duffy,e66a85a4806ca73999c603462866f4d2b2ef51b1,AWjfI8V3rItCDyYjNiPi,cloudstack-ec2stack/tests/__init__.py
8,Method names should comply with a naming convention,MINOR,CLOSED,5,8aed973dfefeabf45a484170fd240a9bd30f5a12,BroganD1993,2014/2/8,2014/3/1,BroganD1993,3d052a8deb9930cd0a734ea1679d38471807d643,AWjfI8V2rItCDyYjNiPh,cloudstack-ec2stack/tests/utils.py
57,Source files should have a sufficient density of comment lines,MAJOR,CLOSED,102,8aed973dfefeabf45a484170fd240a9bd30f5a12,BroganD1993,2014/2/8,2014/3/8,BroganD1993,0a4e766a0a29e0dd99dd1e76e1eaab61d35f809b,AWjfI8VnrItCDyYjNiPR,cloudstack-ec2stack/ec2stack/helpers.py
14,Docstrings should be defined,MAJOR,CLOSED,5,8aed973dfefeabf45a484170fd240a9bd30f5a12,BroganD1993,2014/2/8,2014/3/8,BroganD1993,0a4e766a0a29e0dd99dd1e76e1eaab61d35f809b,AWjfI8VirItCDyYjNiPL,cloudstack-ec2stack/ec2stack/controllers/default.py
14,Docstrings should be defined,MAJOR,CLOSED,5,8aed973dfefeabf45a484170fd240a9bd30f5a12,BroganD1993,2014/2/8,2014/3/8,BroganD1993,0a4e766a0a29e0dd99dd1e76e1eaab61d35f809b,AWjfI8VirItCDyYjNiPL,cloudstack-ec2stack/ec2stack/controllers/default.py
57,Source files should have a sufficient density of comment lines,MAJOR,CLOSED,62,8aed973dfefeabf45a484170fd240a9bd30f5a12,BroganD1993,2014/2/8,2014/3/8,BroganD1993,0a4e766a0a29e0dd99dd1e76e1eaab61d35f809b,AWjfI8VirItCDyYjNiPL,cloudstack-ec2stack/ec2stack/controllers/default.py
57,Source files should have a sufficient density of comment lines,MAJOR,CLOSED,14,e66a85a4806ca73999c603462866f4d2b2ef51b1,Ian Duffy,2014/2/22,2015/4/14,Ian Duffy,21d8b4b1d6ca8c356e07c8103c72b6b20419ec0d,AWjfI8V3rItCDyYjNiPi,cloudstack-ec2stack/tests/__init__.py
42,Function names should comply with a naming convention,MAJOR,CLOSED,10,5ad915a227a3d8865c7ea5dafd76907e953f63f6,BroganD1993,2014/2/15,2014/3/1,BroganD1993,3d052a8deb9930cd0a734ea1679d38471807d643,AWjfI8VirItCDyYjNiPL,cloudstack-ec2stack/ec2stack/controllers/default.py
42,Function names should comply with a naming convention,MAJOR,CLOSED,10,5ad915a227a3d8865c7ea5dafd76907e953f63f6,BroganD1993,2014/2/15,2014/3/1,BroganD1993,3d052a8deb9930cd0a734ea1679d38471807d643,AWjfI8VirItCDyYjNiPL,cloudstack-ec2stack/ec2stack/controllers/default.py
14,Docstrings should be defined,MAJOR,CLOSED,5,5ad915a227a3d8865c7ea5dafd76907e953f63f6,BroganD1993,2014/2/15,2014/3/1,BroganD1993,3d052a8deb9930cd0a734ea1679d38471807d643,AWjfI8VirItCDyYjNiPL,cloudstack-ec2stack/ec2stack/controllers/default.py
14,Docstrings should be defined,MAJOR,CLOSED,5,5ad915a227a3d8865c7ea5dafd76907e953f63f6,BroganD1993,2014/2/15,2014/3/1,BroganD1993,3d052a8deb9930cd0a734ea1679d38471807d643,AWjfI8VirItCDyYjNiPL,cloudstack-ec2stack/ec2stack/controllers/default.py
14,Docstrings should be defined,MAJOR,CLOSED,5,3d052a8deb9930cd0a734ea1679d38471807d643,BroganD1993,2014/3/1,2014/3/9,BroganD1993,2f57c3fe4783344441e36aea5a845f54291ba46f,AWjfQTRTrItCDyYjNmpP,cloudstack-ec2stack/ec2stack/errors.py
4,Parentheses should not be used after certain keywords,MINOR,CLOSED,1,5ad915a227a3d8865c7ea5dafd76907e953f63f6,BroganD1993,2014/2/15,2014/3/1,BroganD1993,3d052a8deb9930cd0a734ea1679d38471807d643,AWjfI8VnrItCDyYjNiPR,cloudstack-ec2stack/ec2stack/helpers.py
281,Syntax error,MAJOR,CLOSED,5,e66a85a4806ca73999c603462866f4d2b2ef51b1,Ian Duffy,2014/2/22,2014/3/1,BroganD1993,3d052a8deb9930cd0a734ea1679d38471807d643,AWjfI8VnrItCDyYjNiPR,cloudstack-ec2stack/ec2stack/helpers.py
21,"The ""print"" statement should not be used",MAJOR,CLOSED,5,e66a85a4806ca73999c603462866f4d2b2ef51b1,Ian Duffy,2014/2/22,2014/3/1,BroganD1993,3d052a8deb9930cd0a734ea1679d38471807d643,AWjfI8VnrItCDyYjNiPR,cloudstack-ec2stack/ec2stack/helpers.py
14,Docstrings should be defined,MAJOR,CLOSED,5,e66a85a4806ca73999c603462866f4d2b2ef51b1,Ian Duffy,2014/2/22,2014/3/1,BroganD1993,3d052a8deb9930cd0a734ea1679d38471807d643,AWjfI8VnrItCDyYjNiPR,cloudstack-ec2stack/ec2stack/helpers.py
14,Docstrings should be defined,MAJOR,CLOSED,5,e66a85a4806ca73999c603462866f4d2b2ef51b1,Ian Duffy,2014/2/22,2014/3/1,BroganD1993,3d052a8deb9930cd0a734ea1679d38471807d643,AWjfI8VnrItCDyYjNiPR,cloudstack-ec2stack/ec2stack/helpers.py
14,Docstrings should be defined,MAJOR,CLOSED,5,e66a85a4806ca73999c603462866f4d2b2ef51b1,Ian Duffy,2014/2/22,2014/3/1,BroganD1993,3d052a8deb9930cd0a734ea1679d38471807d643,AWjfI8VnrItCDyYjNiPR,cloudstack-ec2stack/ec2stack/helpers.py
14,Docstrings should be defined,MAJOR,CLOSED,5,e66a85a4806ca73999c603462866f4d2b2ef51b1,Ian Duffy,2014/2/22,2014/3/1,BroganD1993,3d052a8deb9930cd0a734ea1679d38471807d643,AWjfI8VnrItCDyYjNiPR,cloudstack-ec2stack/ec2stack/helpers.py
14,Docstrings should be defined,MAJOR,CLOSED,5,e66a85a4806ca73999c603462866f4d2b2ef51b1,Ian Duffy,2014/2/22,2014/3/1,BroganD1993,3d052a8deb9930cd0a734ea1679d38471807d643,AWjfI8VnrItCDyYjNiPR,cloudstack-ec2stack/ec2stack/helpers.py
14,Docstrings should be defined,MAJOR,CLOSED,5,e66a85a4806ca73999c603462866f4d2b2ef51b1,Ian Duffy,2014/2/22,2014/3/1,BroganD1993,3d052a8deb9930cd0a734ea1679d38471807d643,AWjfQA4drItCDyYjNmXO,cloudstack-ec2stack/ec2stack/providers/cloudstack/disk_offerings.py
14,Docstrings should be defined,MAJOR,CLOSED,5,e66a85a4806ca73999c603462866f4d2b2ef51b1,Ian Duffy,2014/2/22,2014/3/1,BroganD1993,3d052a8deb9930cd0a734ea1679d38471807d643,AWjfQA4drItCDyYjNmXO,cloudstack-ec2stack/ec2stack/providers/cloudstack/disk_offerings.py
394,Undefined variable,MAJOR,CLOSED,10,e66a85a4806ca73999c603462866f4d2b2ef51b1,Ian Duffy,2014/2/22,2014/3/1,BroganD1993,3d052a8deb9930cd0a734ea1679d38471807d643,AWjfQA4erItCDyYjNmXP,cloudstack-ec2stack/ec2stack/providers/cloudstack/images.py
394,Undefined variable,MAJOR,CLOSED,10,e66a85a4806ca73999c603462866f4d2b2ef51b1,Ian Duffy,2014/2/22,2014/3/1,BroganD1993,3d052a8deb9930cd0a734ea1679d38471807d643,AWjfQA4erItCDyYjNmXP,cloudstack-ec2stack/ec2stack/providers/cloudstack/images.py
394,Undefined variable,MAJOR,CLOSED,10,e66a85a4806ca73999c603462866f4d2b2ef51b1,Ian Duffy,2014/2/22,2014/3/1,BroganD1993,3d052a8deb9930cd0a734ea1679d38471807d643,AWjfQA4erItCDyYjNmXP,cloudstack-ec2stack/ec2stack/providers/cloudstack/images.py
394,Undefined variable,MAJOR,CLOSED,10,e66a85a4806ca73999c603462866f4d2b2ef51b1,Ian Duffy,2014/2/22,2014/3/1,BroganD1993,3d052a8deb9930cd0a734ea1679d38471807d643,AWjfQA4erItCDyYjNmXP,cloudstack-ec2stack/ec2stack/providers/cloudstack/images.py
394,Undefined variable,MAJOR,CLOSED,10,e66a85a4806ca73999c603462866f4d2b2ef51b1,Ian Duffy,2014/2/22,2014/3/1,BroganD1993,3d052a8deb9930cd0a734ea1679d38471807d643,AWjfQA4erItCDyYjNmXP,cloudstack-ec2stack/ec2stack/providers/cloudstack/images.py
394,Undefined variable,MAJOR,CLOSED,10,e66a85a4806ca73999c603462866f4d2b2ef51b1,Ian Duffy,2014/2/22,2014/3/1,BroganD1993,3d052a8deb9930cd0a734ea1679d38471807d643,AWjfQA4erItCDyYjNmXP,cloudstack-ec2stack/ec2stack/providers/cloudstack/images.py
394,Undefined variable,MAJOR,CLOSED,10,e66a85a4806ca73999c603462866f4d2b2ef51b1,Ian Duffy,2014/2/22,2014/3/1,BroganD1993,3d052a8deb9930cd0a734ea1679d38471807d643,AWjfQA4erItCDyYjNmXP,cloudstack-ec2stack/ec2stack/providers/cloudstack/images.py
394,Undefined variable,MAJOR,CLOSED,10,e66a85a4806ca73999c603462866f4d2b2ef51b1,Ian Duffy,2014/2/22,2014/3/1,BroganD1993,3d052a8deb9930cd0a734ea1679d38471807d643,AWjfQA4erItCDyYjNmXP,cloudstack-ec2stack/ec2stack/providers/cloudstack/images.py
394,Undefined variable,MAJOR,CLOSED,10,e66a85a4806ca73999c603462866f4d2b2ef51b1,Ian Duffy,2014/2/22,2014/3/1,BroganD1993,3d052a8deb9930cd0a734ea1679d38471807d643,AWjfQA4erItCDyYjNmXP,cloudstack-ec2stack/ec2stack/providers/cloudstack/images.py
394,Undefined variable,MAJOR,CLOSED,10,e66a85a4806ca73999c603462866f4d2b2ef51b1,Ian Duffy,2014/2/22,2014/3/1,BroganD1993,3d052a8deb9930cd0a734ea1679d38471807d643,AWjfQA4erItCDyYjNmXP,cloudstack-ec2stack/ec2stack/providers/cloudstack/images.py
394,Undefined variable,MAJOR,CLOSED,10,e66a85a4806ca73999c603462866f4d2b2ef51b1,Ian Duffy,2014/2/22,2014/3/1,BroganD1993,3d052a8deb9930cd0a734ea1679d38471807d643,AWjfQA4erItCDyYjNmXP,cloudstack-ec2stack/ec2stack/providers/cloudstack/images.py
394,Undefined variable,MAJOR,CLOSED,10,e66a85a4806ca73999c603462866f4d2b2ef51b1,Ian Duffy,2014/2/22,2014/3/1,BroganD1993,3d052a8deb9930cd0a734ea1679d38471807d643,AWjfQA4erItCDyYjNmXP,cloudstack-ec2stack/ec2stack/providers/cloudstack/images.py
288,Wildcard import,MINOR,CLOSED,0,e66a85a4806ca73999c603462866f4d2b2ef51b1,Ian Duffy,2014/2/22,2014/3/1,BroganD1993,3d052a8deb9930cd0a734ea1679d38471807d643,AWjfQA4erItCDyYjNmXP,cloudstack-ec2stack/ec2stack/providers/cloudstack/images.py
14,Docstrings should be defined,MAJOR,CLOSED,5,e66a85a4806ca73999c603462866f4d2b2ef51b1,Ian Duffy,2014/2/22,2014/3/1,BroganD1993,3d052a8deb9930cd0a734ea1679d38471807d643,AWjfQA4erItCDyYjNmXP,cloudstack-ec2stack/ec2stack/providers/cloudstack/images.py
14,Docstrings should be defined,MAJOR,CLOSED,5,e66a85a4806ca73999c603462866f4d2b2ef51b1,Ian Duffy,2014/2/22,2014/3/1,BroganD1993,3d052a8deb9930cd0a734ea1679d38471807d643,AWjfQA4erItCDyYjNmXP,cloudstack-ec2stack/ec2stack/providers/cloudstack/images.py
14,Docstrings should be defined,MAJOR,CLOSED,5,e66a85a4806ca73999c603462866f4d2b2ef51b1,Ian Duffy,2014/2/22,2014/3/1,BroganD1993,3d052a8deb9930cd0a734ea1679d38471807d643,AWjfQA4erItCDyYjNmXP,cloudstack-ec2stack/ec2stack/providers/cloudstack/images.py
14,Docstrings should be defined,MAJOR,CLOSED,5,e66a85a4806ca73999c603462866f4d2b2ef51b1,Ian Duffy,2014/2/22,2014/3/1,BroganD1993,3d052a8deb9930cd0a734ea1679d38471807d643,AWjfQA4erItCDyYjNmXP,cloudstack-ec2stack/ec2stack/providers/cloudstack/images.py
14,Docstrings should be defined,MAJOR,CLOSED,5,e66a85a4806ca73999c603462866f4d2b2ef51b1,Ian Duffy,2014/2/22,2014/3/1,BroganD1993,3d052a8deb9930cd0a734ea1679d38471807d643,AWjfQA4erItCDyYjNmXP,cloudstack-ec2stack/ec2stack/providers/cloudstack/images.py
394,Undefined variable,MAJOR,CLOSED,10,e66a85a4806ca73999c603462866f4d2b2ef51b1,Ian Duffy,2014/2/22,2014/3/1,BroganD1993,3d052a8deb9930cd0a734ea1679d38471807d643,AWjfQA4frItCDyYjNmXQ,cloudstack-ec2stack/ec2stack/providers/cloudstack/instances.py
394,Undefined variable,MAJOR,CLOSED,10,e66a85a4806ca73999c603462866f4d2b2ef51b1,Ian Duffy,2014/2/22,2014/3/1,BroganD1993,3d052a8deb9930cd0a734ea1679d38471807d643,AWjfQA4frItCDyYjNmXQ,cloudstack-ec2stack/ec2stack/providers/cloudstack/instances.py
394,Undefined variable,MAJOR,CLOSED,10,e66a85a4806ca73999c603462866f4d2b2ef51b1,Ian Duffy,2014/2/22,2014/3/1,BroganD1993,3d052a8deb9930cd0a734ea1679d38471807d643,AWjfQA4frItCDyYjNmXQ,cloudstack-ec2stack/ec2stack/providers/cloudstack/instances.py
394,Undefined variable,MAJOR,CLOSED,10,e66a85a4806ca73999c603462866f4d2b2ef51b1,Ian Duffy,2014/2/22,2014/3/1,BroganD1993,3d052a8deb9930cd0a734ea1679d38471807d643,AWjfQA4frItCDyYjNmXQ,cloudstack-ec2stack/ec2stack/providers/cloudstack/instances.py
394,Undefined variable,MAJOR,CLOSED,10,e66a85a4806ca73999c603462866f4d2b2ef51b1,Ian Duffy,2014/2/22,2014/3/1,BroganD1993,3d052a8deb9930cd0a734ea1679d38471807d643,AWjfQA4frItCDyYjNmXQ,cloudstack-ec2stack/ec2stack/providers/cloudstack/instances.py
394,Undefined variable,MAJOR,CLOSED,10,e66a85a4806ca73999c603462866f4d2b2ef51b1,Ian Duffy,2014/2/22,2014/3/1,BroganD1993,3d052a8deb9930cd0a734ea1679d38471807d643,AWjfQA4frItCDyYjNmXQ,cloudstack-ec2stack/ec2stack/providers/cloudstack/instances.py
394,Undefined variable,MAJOR,CLOSED,10,e66a85a4806ca73999c603462866f4d2b2ef51b1,Ian Duffy,2014/2/22,2014/3/1,BroganD1993,3d052a8deb9930cd0a734ea1679d38471807d643,AWjfQA4frItCDyYjNmXQ,cloudstack-ec2stack/ec2stack/providers/cloudstack/instances.py
394,Undefined variable,MAJOR,CLOSED,10,e66a85a4806ca73999c603462866f4d2b2ef51b1,Ian Duffy,2014/2/22,2014/3/1,BroganD1993,3d052a8deb9930cd0a734ea1679d38471807d643,AWjfQA4frItCDyYjNmXQ,cloudstack-ec2stack/ec2stack/providers/cloudstack/instances.py
394,Undefined variable,MAJOR,CLOSED,10,e66a85a4806ca73999c603462866f4d2b2ef51b1,Ian Duffy,2014/2/22,2014/3/1,BroganD1993,3d052a8deb9930cd0a734ea1679d38471807d643,AWjfQA4frItCDyYjNmXQ,cloudstack-ec2stack/ec2stack/providers/cloudstack/instances.py
394,Undefined variable,MAJOR,CLOSED,10,e66a85a4806ca73999c603462866f4d2b2ef51b1,Ian Duffy,2014/2/22,2014/3/1,BroganD1993,3d052a8deb9930cd0a734ea1679d38471807d643,AWjfQA4frItCDyYjNmXQ,cloudstack-ec2stack/ec2stack/providers/cloudstack/instances.py
394,Undefined variable,MAJOR,CLOSED,10,e66a85a4806ca73999c603462866f4d2b2ef51b1,Ian Duffy,2014/2/22,2014/3/1,BroganD1993,3d052a8deb9930cd0a734ea1679d38471807d643,AWjfQA4frItCDyYjNmXQ,cloudstack-ec2stack/ec2stack/providers/cloudstack/instances.py
394,Undefined variable,MAJOR,CLOSED,10,e66a85a4806ca73999c603462866f4d2b2ef51b1,Ian Duffy,2014/2/22,2014/3/1,BroganD1993,3d052a8deb9930cd0a734ea1679d38471807d643,AWjfQA4frItCDyYjNmXQ,cloudstack-ec2stack/ec2stack/providers/cloudstack/instances.py
288,Wildcard import,MINOR,CLOSED,0,e66a85a4806ca73999c603462866f4d2b2ef51b1,Ian Duffy,2014/2/22,2014/3/1,BroganD1993,3d052a8deb9930cd0a734ea1679d38471807d643,AWjfQA4frItCDyYjNmXQ,cloudstack-ec2stack/ec2stack/providers/cloudstack/instances.py
14,Docstrings should be defined,MAJOR,CLOSED,5,e66a85a4806ca73999c603462866f4d2b2ef51b1,Ian Duffy,2014/2/22,2014/3/1,BroganD1993,3d052a8deb9930cd0a734ea1679d38471807d643,AWjfQA4frItCDyYjNmXQ,cloudstack-ec2stack/ec2stack/providers/cloudstack/instances.py
14,Docstrings should be defined,MAJOR,CLOSED,5,e66a85a4806ca73999c603462866f4d2b2ef51b1,Ian Duffy,2014/2/22,2014/3/1,BroganD1993,3d052a8deb9930cd0a734ea1679d38471807d643,AWjfQA4frItCDyYjNmXQ,cloudstack-ec2stack/ec2stack/providers/cloudstack/instances.py
14,Docstrings should be defined,MAJOR,CLOSED,5,e66a85a4806ca73999c603462866f4d2b2ef51b1,Ian Duffy,2014/2/22,2014/3/1,BroganD1993,3d052a8deb9930cd0a734ea1679d38471807d643,AWjfQA4frItCDyYjNmXQ,cloudstack-ec2stack/ec2stack/providers/cloudstack/instances.py
14,Docstrings should be defined,MAJOR,CLOSED,5,e66a85a4806ca73999c603462866f4d2b2ef51b1,Ian Duffy,2014/2/22,2014/3/1,BroganD1993,3d052a8deb9930cd0a734ea1679d38471807d643,AWjfQA4frItCDyYjNmXQ,cloudstack-ec2stack/ec2stack/providers/cloudstack/instances.py
14,Docstrings should be defined,MAJOR,CLOSED,5,e66a85a4806ca73999c603462866f4d2b2ef51b1,Ian Duffy,2014/2/22,2014/3/1,BroganD1993,3d052a8deb9930cd0a734ea1679d38471807d643,AWjfQA4frItCDyYjNmXQ,cloudstack-ec2stack/ec2stack/providers/cloudstack/instances.py
14,Docstrings should be defined,MAJOR,CLOSED,5,3d052a8deb9930cd0a734ea1679d38471807d643,BroganD1993,2014/3/1,2014/3/8,BroganD1993,0a4e766a0a29e0dd99dd1e76e1eaab61d35f809b,AWjfQTRlrItCDyYjNmpQ,cloudstack-ec2stack/ec2stack/providers/cloudstack/keypairs.py
14,Docstrings should be defined,MAJOR,CLOSED,5,3d052a8deb9930cd0a734ea1679d38471807d643,BroganD1993,2014/3/1,2014/3/8,BroganD1993,0a4e766a0a29e0dd99dd1e76e1eaab61d35f809b,AWjfQTRlrItCDyYjNmpQ,cloudstack-ec2stack/ec2stack/providers/cloudstack/keypairs.py
14,Docstrings should be defined,MAJOR,CLOSED,5,3d052a8deb9930cd0a734ea1679d38471807d643,BroganD1993,2014/3/1,2014/3/8,BroganD1993,0a4e766a0a29e0dd99dd1e76e1eaab61d35f809b,AWjfQTRlrItCDyYjNmpQ,cloudstack-ec2stack/ec2stack/providers/cloudstack/keypairs.py
14,Docstrings should be defined,MAJOR,CLOSED,5,3d052a8deb9930cd0a734ea1679d38471807d643,BroganD1993,2014/3/1,2014/3/8,BroganD1993,0a4e766a0a29e0dd99dd1e76e1eaab61d35f809b,AWjfQTRlrItCDyYjNmpQ,cloudstack-ec2stack/ec2stack/providers/cloudstack/keypairs.py
14,Docstrings should be defined,MAJOR,CLOSED,5,3d052a8deb9930cd0a734ea1679d38471807d643,BroganD1993,2014/3/1,2014/3/8,BroganD1993,0a4e766a0a29e0dd99dd1e76e1eaab61d35f809b,AWjfQTRlrItCDyYjNmpQ,cloudstack-ec2stack/ec2stack/providers/cloudstack/keypairs.py
14,Docstrings should be defined,MAJOR,CLOSED,5,3d052a8deb9930cd0a734ea1679d38471807d643,BroganD1993,2014/3/1,2014/3/8,BroganD1993,0a4e766a0a29e0dd99dd1e76e1eaab61d35f809b,AWjfQTRlrItCDyYjNmpQ,cloudstack-ec2stack/ec2stack/providers/cloudstack/keypairs.py
14,Docstrings should be defined,MAJOR,CLOSED,5,3d052a8deb9930cd0a734ea1679d38471807d643,BroganD1993,2014/3/1,2014/3/8,BroganD1993,0a4e766a0a29e0dd99dd1e76e1eaab61d35f809b,AWjfQTRlrItCDyYjNmpQ,cloudstack-ec2stack/ec2stack/providers/cloudstack/keypairs.py
14,Docstrings should be defined,MAJOR,CLOSED,5,3d052a8deb9930cd0a734ea1679d38471807d643,BroganD1993,2014/3/1,2014/3/9,BroganD1993,2f57c3fe4783344441e36aea5a845f54291ba46f,AWjfQTRlrItCDyYjNmpQ,cloudstack-ec2stack/ec2stack/providers/cloudstack/keypairs.py
14,Docstrings should be defined,MAJOR,CLOSED,5,3d052a8deb9930cd0a734ea1679d38471807d643,BroganD1993,2014/3/1,2014/3/9,BroganD1993,2f57c3fe4783344441e36aea5a845f54291ba46f,AWjfQTRmrItCDyYjNmpR,cloudstack-ec2stack/ec2stack/providers/cloudstack/passwords.py
360,Undefined name,MAJOR,CLOSED,10,5ad915a227a3d8865c7ea5dafd76907e953f63f6,BroganD1993,2014/2/15,2014/3/1,BroganD1993,3d052a8deb9930cd0a734ea1679d38471807d643,AWjfQA4mrItCDyYjNmXU,cloudstack-ec2stack/ec2stack/providers/cloudstack/requester.py
14,Docstrings should be defined,MAJOR,CLOSED,5,3d052a8deb9930cd0a734ea1679d38471807d643,BroganD1993,2014/3/1,2014/3/9,BroganD1993,2f57c3fe4783344441e36aea5a845f54291ba46f,AWjfQTRyrItCDyYjNmpS,cloudstack-ec2stack/ec2stack/providers/cloudstack/security_groups.py
386,Bad continuation,MINOR,CLOSED,5,8aed973dfefeabf45a484170fd240a9bd30f5a12,BroganD1993,2014/2/8,2014/3/1,BroganD1993,3d052a8deb9930cd0a734ea1679d38471807d643,AWjfI8VwrItCDyYjNiPa,cloudstack-ec2stack/migrations/env.py
386,Bad continuation,MINOR,CLOSED,5,8aed973dfefeabf45a484170fd240a9bd30f5a12,BroganD1993,2014/2/8,2014/3/1,BroganD1993,3d052a8deb9930cd0a734ea1679d38471807d643,AWjfI8VwrItCDyYjNiPa,cloudstack-ec2stack/migrations/env.py
386,Bad continuation,MINOR,CLOSED,5,8aed973dfefeabf45a484170fd240a9bd30f5a12,BroganD1993,2014/2/8,2014/3/1,BroganD1993,3d052a8deb9930cd0a734ea1679d38471807d643,AWjfI8VwrItCDyYjNiPa,cloudstack-ec2stack/migrations/env.py
386,Bad continuation,MINOR,CLOSED,5,8aed973dfefeabf45a484170fd240a9bd30f5a12,BroganD1993,2014/2/8,2014/3/1,BroganD1993,3d052a8deb9930cd0a734ea1679d38471807d643,AWjfI8VwrItCDyYjNiPa,cloudstack-ec2stack/migrations/env.py
386,Bad continuation,MINOR,CLOSED,5,8aed973dfefeabf45a484170fd240a9bd30f5a12,BroganD1993,2014/2/8,2014/3/1,BroganD1993,3d052a8deb9930cd0a734ea1679d38471807d643,AWjfI8VwrItCDyYjNiPa,cloudstack-ec2stack/migrations/env.py
386,Bad continuation,MINOR,CLOSED,5,8aed973dfefeabf45a484170fd240a9bd30f5a12,BroganD1993,2014/2/8,2014/3/1,BroganD1993,3d052a8deb9930cd0a734ea1679d38471807d643,AWjfI8VwrItCDyYjNiPa,cloudstack-ec2stack/migrations/env.py
14,Docstrings should be defined,MAJOR,CLOSED,5,3d052a8deb9930cd0a734ea1679d38471807d643,BroganD1993,2014/3/1,2014/3/8,BroganD1993,0a4e766a0a29e0dd99dd1e76e1eaab61d35f809b,AWjfQTRzrItCDyYjNmpT,cloudstack-ec2stack/ec2stack/providers/cloudstack/volumes.py
14,Docstrings should be defined,MAJOR,CLOSED,5,3d052a8deb9930cd0a734ea1679d38471807d643,BroganD1993,2014/3/1,2014/3/8,BroganD1993,0a4e766a0a29e0dd99dd1e76e1eaab61d35f809b,AWjfQTRzrItCDyYjNmpT,cloudstack-ec2stack/ec2stack/providers/cloudstack/volumes.py
14,Docstrings should be defined,MAJOR,CLOSED,5,3d052a8deb9930cd0a734ea1679d38471807d643,BroganD1993,2014/3/1,2014/3/9,BroganD1993,2f57c3fe4783344441e36aea5a845f54291ba46f,AWjfQTRzrItCDyYjNmpT,cloudstack-ec2stack/ec2stack/providers/cloudstack/volumes.py
14,Docstrings should be defined,MAJOR,CLOSED,5,3d052a8deb9930cd0a734ea1679d38471807d643,BroganD1993,2014/3/1,2014/3/9,BroganD1993,2f57c3fe4783344441e36aea5a845f54291ba46f,AWjfQTR1rItCDyYjNmpU,cloudstack-ec2stack/ec2stack/providers/cloudstack/zones.py
360,Undefined name,MAJOR,CLOSED,10,e66a85a4806ca73999c603462866f4d2b2ef51b1,Ian Duffy,2014/2/22,2014/3/1,BroganD1993,3d052a8deb9930cd0a734ea1679d38471807d643,AWjfQA4vrItCDyYjNmXa,cloudstack-ec2stack/tests/controller_tests.py
2,Unused local variables should be removed,MINOR,CLOSED,5,e66a85a4806ca73999c603462866f4d2b2ef51b1,Ian Duffy,2014/2/22,2014/3/1,BroganD1993,3d052a8deb9930cd0a734ea1679d38471807d643,AWjfQA4vrItCDyYjNmXa,cloudstack-ec2stack/tests/controller_tests.py
381,Unused variable,MINOR,CLOSED,5,e66a85a4806ca73999c603462866f4d2b2ef51b1,Ian Duffy,2014/2/22,2014/3/1,BroganD1993,3d052a8deb9930cd0a734ea1679d38471807d643,AWjfQA4yrItCDyYjNmXd,cloudstack-ec2stack/tests/instances_tests.py
381,Unused variable,MINOR,CLOSED,5,e66a85a4806ca73999c603462866f4d2b2ef51b1,Ian Duffy,2014/2/22,2014/3/1,BroganD1993,3d052a8deb9930cd0a734ea1679d38471807d643,AWjfQA4yrItCDyYjNmXd,cloudstack-ec2stack/tests/instances_tests.py
381,Unused variable,MINOR,CLOSED,5,e66a85a4806ca73999c603462866f4d2b2ef51b1,Ian Duffy,2014/2/22,2014/3/1,BroganD1993,3d052a8deb9930cd0a734ea1679d38471807d643,AWjfQA4yrItCDyYjNmXd,cloudstack-ec2stack/tests/instances_tests.py
381,Unused variable,MINOR,CLOSED,5,e66a85a4806ca73999c603462866f4d2b2ef51b1,Ian Duffy,2014/2/22,2014/3/1,BroganD1993,3d052a8deb9930cd0a734ea1679d38471807d643,AWjfQA4yrItCDyYjNmXd,cloudstack-ec2stack/tests/instances_tests.py
381,Unused variable,MINOR,CLOSED,5,e66a85a4806ca73999c603462866f4d2b2ef51b1,Ian Duffy,2014/2/22,2014/3/1,BroganD1993,3d052a8deb9930cd0a734ea1679d38471807d643,AWjfQA4yrItCDyYjNmXd,cloudstack-ec2stack/tests/instances_tests.py
381,Unused variable,MINOR,CLOSED,5,e66a85a4806ca73999c603462866f4d2b2ef51b1,Ian Duffy,2014/2/22,2014/3/1,BroganD1993,3d052a8deb9930cd0a734ea1679d38471807d643,AWjfQA4yrItCDyYjNmXd,cloudstack-ec2stack/tests/instances_tests.py
360,Undefined name,MAJOR,CLOSED,10,e66a85a4806ca73999c603462866f4d2b2ef51b1,Ian Duffy,2014/2/22,2014/3/1,BroganD1993,3d052a8deb9930cd0a734ea1679d38471807d643,AWjfQA4yrItCDyYjNmXd,cloudstack-ec2stack/tests/instances_tests.py
2,Unused local variables should be removed,MINOR,CLOSED,5,e66a85a4806ca73999c603462866f4d2b2ef51b1,Ian Duffy,2014/2/22,2014/3/1,BroganD1993,3d052a8deb9930cd0a734ea1679d38471807d643,AWjfQA4yrItCDyYjNmXd,cloudstack-ec2stack/tests/instances_tests.py
2,Unused local variables should be removed,MINOR,CLOSED,5,e66a85a4806ca73999c603462866f4d2b2ef51b1,Ian Duffy,2014/2/22,2014/3/1,BroganD1993,3d052a8deb9930cd0a734ea1679d38471807d643,AWjfQA4yrItCDyYjNmXd,cloudstack-ec2stack/tests/instances_tests.py
2,Unused local variables should be removed,MINOR,CLOSED,5,e66a85a4806ca73999c603462866f4d2b2ef51b1,Ian Duffy,2014/2/22,2014/3/1,BroganD1993,3d052a8deb9930cd0a734ea1679d38471807d643,AWjfQA4yrItCDyYjNmXd,cloudstack-ec2stack/tests/instances_tests.py
2,Unused local variables should be removed,MINOR,CLOSED,5,e66a85a4806ca73999c603462866f4d2b2ef51b1,Ian Duffy,2014/2/22,2014/3/1,BroganD1993,3d052a8deb9930cd0a734ea1679d38471807d643,AWjfQA4yrItCDyYjNmXd,cloudstack-ec2stack/tests/instances_tests.py
2,Unused local variables should be removed,MINOR,CLOSED,5,e66a85a4806ca73999c603462866f4d2b2ef51b1,Ian Duffy,2014/2/22,2014/3/1,BroganD1993,3d052a8deb9930cd0a734ea1679d38471807d643,AWjfQA4yrItCDyYjNmXd,cloudstack-ec2stack/tests/instances_tests.py
2,Unused local variables should be removed,MINOR,CLOSED,5,e66a85a4806ca73999c603462866f4d2b2ef51b1,Ian Duffy,2014/2/22,2014/3/1,BroganD1993,3d052a8deb9930cd0a734ea1679d38471807d643,AWjfQA4yrItCDyYjNmXd,cloudstack-ec2stack/tests/instances_tests.py
381,Unused variable,MINOR,CLOSED,5,e66a85a4806ca73999c603462866f4d2b2ef51b1,Ian Duffy,2014/2/22,2014/3/1,BroganD1993,3d052a8deb9930cd0a734ea1679d38471807d643,AWjfQA44rItCDyYjNmXe,cloudstack-ec2stack/tests/images_tests.py
381,Unused variable,MINOR,CLOSED,5,e66a85a4806ca73999c603462866f4d2b2ef51b1,Ian Duffy,2014/2/22,2014/3/1,BroganD1993,3d052a8deb9930cd0a734ea1679d38471807d643,AWjfQA44rItCDyYjNmXe,cloudstack-ec2stack/tests/images_tests.py
381,Unused variable,MINOR,CLOSED,5,e66a85a4806ca73999c603462866f4d2b2ef51b1,Ian Duffy,2014/2/22,2014/3/1,BroganD1993,3d052a8deb9930cd0a734ea1679d38471807d643,AWjfQA44rItCDyYjNmXe,cloudstack-ec2stack/tests/images_tests.py
381,Unused variable,MINOR,CLOSED,5,e66a85a4806ca73999c603462866f4d2b2ef51b1,Ian Duffy,2014/2/22,2014/3/1,BroganD1993,3d052a8deb9930cd0a734ea1679d38471807d643,AWjfQA44rItCDyYjNmXe,cloudstack-ec2stack/tests/images_tests.py
381,Unused variable,MINOR,CLOSED,5,e66a85a4806ca73999c603462866f4d2b2ef51b1,Ian Duffy,2014/2/22,2014/3/1,BroganD1993,3d052a8deb9930cd0a734ea1679d38471807d643,AWjfQA44rItCDyYjNmXe,cloudstack-ec2stack/tests/images_tests.py
381,Unused variable,MINOR,CLOSED,5,e66a85a4806ca73999c603462866f4d2b2ef51b1,Ian Duffy,2014/2/22,2014/3/1,BroganD1993,3d052a8deb9930cd0a734ea1679d38471807d643,AWjfQA44rItCDyYjNmXe,cloudstack-ec2stack/tests/images_tests.py
381,Unused variable,MINOR,CLOSED,5,e66a85a4806ca73999c603462866f4d2b2ef51b1,Ian Duffy,2014/2/22,2014/3/1,BroganD1993,3d052a8deb9930cd0a734ea1679d38471807d643,AWjfQA44rItCDyYjNmXe,cloudstack-ec2stack/tests/images_tests.py
381,Unused variable,MINOR,CLOSED,5,e66a85a4806ca73999c603462866f4d2b2ef51b1,Ian Duffy,2014/2/22,2014/3/1,BroganD1993,3d052a8deb9930cd0a734ea1679d38471807d643,AWjfQA44rItCDyYjNmXe,cloudstack-ec2stack/tests/images_tests.py
360,Undefined name,MAJOR,CLOSED,10,e66a85a4806ca73999c603462866f4d2b2ef51b1,Ian Duffy,2014/2/22,2014/3/1,BroganD1993,3d052a8deb9930cd0a734ea1679d38471807d643,AWjfQA44rItCDyYjNmXe,cloudstack-ec2stack/tests/images_tests.py
2,Unused local variables should be removed,MINOR,CLOSED,5,e66a85a4806ca73999c603462866f4d2b2ef51b1,Ian Duffy,2014/2/22,2014/3/1,BroganD1993,3d052a8deb9930cd0a734ea1679d38471807d643,AWjfQA44rItCDyYjNmXe,cloudstack-ec2stack/tests/images_tests.py
2,Unused local variables should be removed,MINOR,CLOSED,5,e66a85a4806ca73999c603462866f4d2b2ef51b1,Ian Duffy,2014/2/22,2014/3/1,BroganD1993,3d052a8deb9930cd0a734ea1679d38471807d643,AWjfQA44rItCDyYjNmXe,cloudstack-ec2stack/tests/images_tests.py
2,Unused local variables should be removed,MINOR,CLOSED,5,e66a85a4806ca73999c603462866f4d2b2ef51b1,Ian Duffy,2014/2/22,2014/3/1,BroganD1993,3d052a8deb9930cd0a734ea1679d38471807d643,AWjfQA44rItCDyYjNmXe,cloudstack-ec2stack/tests/images_tests.py
2,Unused local variables should be removed,MINOR,CLOSED,5,e66a85a4806ca73999c603462866f4d2b2ef51b1,Ian Duffy,2014/2/22,2014/3/1,BroganD1993,3d052a8deb9930cd0a734ea1679d38471807d643,AWjfQA44rItCDyYjNmXe,cloudstack-ec2stack/tests/images_tests.py
2,Unused local variables should be removed,MINOR,CLOSED,5,e66a85a4806ca73999c603462866f4d2b2ef51b1,Ian Duffy,2014/2/22,2014/3/1,BroganD1993,3d052a8deb9930cd0a734ea1679d38471807d643,AWjfQA44rItCDyYjNmXe,cloudstack-ec2stack/tests/images_tests.py
2,Unused local variables should be removed,MINOR,CLOSED,5,e66a85a4806ca73999c603462866f4d2b2ef51b1,Ian Duffy,2014/2/22,2014/3/1,BroganD1993,3d052a8deb9930cd0a734ea1679d38471807d643,AWjfQA44rItCDyYjNmXe,cloudstack-ec2stack/tests/images_tests.py
2,Unused local variables should be removed,MINOR,CLOSED,5,e66a85a4806ca73999c603462866f4d2b2ef51b1,Ian Duffy,2014/2/22,2014/3/1,BroganD1993,3d052a8deb9930cd0a734ea1679d38471807d643,AWjfQA44rItCDyYjNmXe,cloudstack-ec2stack/tests/images_tests.py
2,Unused local variables should be removed,MINOR,CLOSED,5,e66a85a4806ca73999c603462866f4d2b2ef51b1,Ian Duffy,2014/2/22,2014/3/1,BroganD1993,3d052a8deb9930cd0a734ea1679d38471807d643,AWjfQA44rItCDyYjNmXe,cloudstack-ec2stack/tests/images_tests.py
381,Unused variable,MINOR,CLOSED,5,e66a85a4806ca73999c603462866f4d2b2ef51b1,Ian Duffy,2014/2/22,2014/3/1,BroganD1993,3d052a8deb9930cd0a734ea1679d38471807d643,AWjfQA45rItCDyYjNmXg,cloudstack-ec2stack/tests/password_tests.py
381,Unused variable,MINOR,CLOSED,5,e66a85a4806ca73999c603462866f4d2b2ef51b1,Ian Duffy,2014/2/22,2014/3/1,BroganD1993,3d052a8deb9930cd0a734ea1679d38471807d643,AWjfQA45rItCDyYjNmXg,cloudstack-ec2stack/tests/password_tests.py
381,Unused variable,MINOR,CLOSED,5,e66a85a4806ca73999c603462866f4d2b2ef51b1,Ian Duffy,2014/2/22,2014/3/1,BroganD1993,3d052a8deb9930cd0a734ea1679d38471807d643,AWjfQA45rItCDyYjNmXg,cloudstack-ec2stack/tests/password_tests.py
381,Unused variable,MINOR,CLOSED,5,e66a85a4806ca73999c603462866f4d2b2ef51b1,Ian Duffy,2014/2/22,2014/3/1,BroganD1993,3d052a8deb9930cd0a734ea1679d38471807d643,AWjfQA45rItCDyYjNmXg,cloudstack-ec2stack/tests/password_tests.py
360,Undefined name,MAJOR,CLOSED,10,e66a85a4806ca73999c603462866f4d2b2ef51b1,Ian Duffy,2014/2/22,2014/3/1,BroganD1993,3d052a8deb9930cd0a734ea1679d38471807d643,AWjfQA45rItCDyYjNmXg,cloudstack-ec2stack/tests/password_tests.py
2,Unused local variables should be removed,MINOR,CLOSED,5,e66a85a4806ca73999c603462866f4d2b2ef51b1,Ian Duffy,2014/2/22,2014/3/1,BroganD1993,3d052a8deb9930cd0a734ea1679d38471807d643,AWjfQA45rItCDyYjNmXg,cloudstack-ec2stack/tests/password_tests.py
2,Unused local variables should be removed,MINOR,CLOSED,5,e66a85a4806ca73999c603462866f4d2b2ef51b1,Ian Duffy,2014/2/22,2014/3/1,BroganD1993,3d052a8deb9930cd0a734ea1679d38471807d643,AWjfQA45rItCDyYjNmXg,cloudstack-ec2stack/tests/password_tests.py
2,Unused local variables should be removed,MINOR,CLOSED,5,e66a85a4806ca73999c603462866f4d2b2ef51b1,Ian Duffy,2014/2/22,2014/3/1,BroganD1993,3d052a8deb9930cd0a734ea1679d38471807d643,AWjfQA45rItCDyYjNmXg,cloudstack-ec2stack/tests/password_tests.py
2,Unused local variables should be removed,MINOR,CLOSED,5,e66a85a4806ca73999c603462866f4d2b2ef51b1,Ian Duffy,2014/2/22,2014/3/1,BroganD1993,3d052a8deb9930cd0a734ea1679d38471807d643,AWjfQA45rItCDyYjNmXg,cloudstack-ec2stack/tests/password_tests.py
381,Unused variable,MINOR,CLOSED,5,e66a85a4806ca73999c603462866f4d2b2ef51b1,Ian Duffy,2014/2/22,2014/3/1,BroganD1993,3d052a8deb9930cd0a734ea1679d38471807d643,AWjfQA44rItCDyYjNmXf,cloudstack-ec2stack/tests/keypair_tests.py
381,Unused variable,MINOR,CLOSED,5,e66a85a4806ca73999c603462866f4d2b2ef51b1,Ian Duffy,2014/2/22,2014/3/1,BroganD1993,3d052a8deb9930cd0a734ea1679d38471807d643,AWjfQA44rItCDyYjNmXf,cloudstack-ec2stack/tests/keypair_tests.py
381,Unused variable,MINOR,CLOSED,5,e66a85a4806ca73999c603462866f4d2b2ef51b1,Ian Duffy,2014/2/22,2014/3/1,BroganD1993,3d052a8deb9930cd0a734ea1679d38471807d643,AWjfQA44rItCDyYjNmXf,cloudstack-ec2stack/tests/keypair_tests.py
381,Unused variable,MINOR,CLOSED,5,e66a85a4806ca73999c603462866f4d2b2ef51b1,Ian Duffy,2014/2/22,2014/3/1,BroganD1993,3d052a8deb9930cd0a734ea1679d38471807d643,AWjfQA44rItCDyYjNmXf,cloudstack-ec2stack/tests/keypair_tests.py
381,Unused variable,MINOR,CLOSED,5,e66a85a4806ca73999c603462866f4d2b2ef51b1,Ian Duffy,2014/2/22,2014/3/1,BroganD1993,3d052a8deb9930cd0a734ea1679d38471807d643,AWjfQA44rItCDyYjNmXf,cloudstack-ec2stack/tests/keypair_tests.py
381,Unused variable,MINOR,CLOSED,5,e66a85a4806ca73999c603462866f4d2b2ef51b1,Ian Duffy,2014/2/22,2014/3/1,BroganD1993,3d052a8deb9930cd0a734ea1679d38471807d643,AWjfQA44rItCDyYjNmXf,cloudstack-ec2stack/tests/keypair_tests.py
381,Unused variable,MINOR,CLOSED,5,e66a85a4806ca73999c603462866f4d2b2ef51b1,Ian Duffy,2014/2/22,2014/3/1,BroganD1993,3d052a8deb9930cd0a734ea1679d38471807d643,AWjfQA44rItCDyYjNmXf,cloudstack-ec2stack/tests/keypair_tests.py
381,Unused variable,MINOR,CLOSED,5,e66a85a4806ca73999c603462866f4d2b2ef51b1,Ian Duffy,2014/2/22,2014/3/1,BroganD1993,3d052a8deb9930cd0a734ea1679d38471807d643,AWjfQA44rItCDyYjNmXf,cloudstack-ec2stack/tests/keypair_tests.py
381,Unused variable,MINOR,CLOSED,5,e66a85a4806ca73999c603462866f4d2b2ef51b1,Ian Duffy,2014/2/22,2014/3/1,BroganD1993,3d052a8deb9930cd0a734ea1679d38471807d643,AWjfQA44rItCDyYjNmXf,cloudstack-ec2stack/tests/keypair_tests.py
381,Unused variable,MINOR,CLOSED,5,e66a85a4806ca73999c603462866f4d2b2ef51b1,Ian Duffy,2014/2/22,2014/3/1,BroganD1993,3d052a8deb9930cd0a734ea1679d38471807d643,AWjfQA44rItCDyYjNmXf,cloudstack-ec2stack/tests/keypair_tests.py
360,Undefined name,MAJOR,CLOSED,10,e66a85a4806ca73999c603462866f4d2b2ef51b1,Ian Duffy,2014/2/22,2014/3/1,BroganD1993,3d052a8deb9930cd0a734ea1679d38471807d643,AWjfQA44rItCDyYjNmXf,cloudstack-ec2stack/tests/keypair_tests.py
2,Unused local variables should be removed,MINOR,CLOSED,5,e66a85a4806ca73999c603462866f4d2b2ef51b1,Ian Duffy,2014/2/22,2014/3/1,BroganD1993,3d052a8deb9930cd0a734ea1679d38471807d643,AWjfQA44rItCDyYjNmXf,cloudstack-ec2stack/tests/keypair_tests.py
2,Unused local variables should be removed,MINOR,CLOSED,5,e66a85a4806ca73999c603462866f4d2b2ef51b1,Ian Duffy,2014/2/22,2014/3/1,BroganD1993,3d052a8deb9930cd0a734ea1679d38471807d643,AWjfQA44rItCDyYjNmXf,cloudstack-ec2stack/tests/keypair_tests.py
2,Unused local variables should be removed,MINOR,CLOSED,5,e66a85a4806ca73999c603462866f4d2b2ef51b1,Ian Duffy,2014/2/22,2014/3/1,BroganD1993,3d052a8deb9930cd0a734ea1679d38471807d643,AWjfQA44rItCDyYjNmXf,cloudstack-ec2stack/tests/keypair_tests.py
2,Unused local variables should be removed,MINOR,CLOSED,5,e66a85a4806ca73999c603462866f4d2b2ef51b1,Ian Duffy,2014/2/22,2014/3/1,BroganD1993,3d052a8deb9930cd0a734ea1679d38471807d643,AWjfQA44rItCDyYjNmXf,cloudstack-ec2stack/tests/keypair_tests.py
2,Unused local variables should be removed,MINOR,CLOSED,5,e66a85a4806ca73999c603462866f4d2b2ef51b1,Ian Duffy,2014/2/22,2014/3/1,BroganD1993,3d052a8deb9930cd0a734ea1679d38471807d643,AWjfQA44rItCDyYjNmXf,cloudstack-ec2stack/tests/keypair_tests.py
2,Unused local variables should be removed,MINOR,CLOSED,5,e66a85a4806ca73999c603462866f4d2b2ef51b1,Ian Duffy,2014/2/22,2014/3/1,BroganD1993,3d052a8deb9930cd0a734ea1679d38471807d643,AWjfQA44rItCDyYjNmXf,cloudstack-ec2stack/tests/keypair_tests.py
2,Unused local variables should be removed,MINOR,CLOSED,5,e66a85a4806ca73999c603462866f4d2b2ef51b1,Ian Duffy,2014/2/22,2014/3/1,BroganD1993,3d052a8deb9930cd0a734ea1679d38471807d643,AWjfQA44rItCDyYjNmXf,cloudstack-ec2stack/tests/keypair_tests.py
2,Unused local variables should be removed,MINOR,CLOSED,5,e66a85a4806ca73999c603462866f4d2b2ef51b1,Ian Duffy,2014/2/22,2014/3/1,BroganD1993,3d052a8deb9930cd0a734ea1679d38471807d643,AWjfQA44rItCDyYjNmXf,cloudstack-ec2stack/tests/keypair_tests.py
2,Unused local variables should be removed,MINOR,CLOSED,5,e66a85a4806ca73999c603462866f4d2b2ef51b1,Ian Duffy,2014/2/22,2014/3/1,BroganD1993,3d052a8deb9930cd0a734ea1679d38471807d643,AWjfQA44rItCDyYjNmXf,cloudstack-ec2stack/tests/keypair_tests.py
2,Unused local variables should be removed,MINOR,CLOSED,5,e66a85a4806ca73999c603462866f4d2b2ef51b1,Ian Duffy,2014/2/22,2014/3/1,BroganD1993,3d052a8deb9930cd0a734ea1679d38471807d643,AWjfQA44rItCDyYjNmXf,cloudstack-ec2stack/tests/keypair_tests.py
281,Syntax error,MAJOR,CLOSED,5,e66a85a4806ca73999c603462866f4d2b2ef51b1,Ian Duffy,2014/2/22,2014/3/1,BroganD1993,3d052a8deb9930cd0a734ea1679d38471807d643,AWjfQA46rItCDyYjNmXh,cloudstack-ec2stack/tests/security_group_tests.py
21,"The ""print"" statement should not be used",MAJOR,CLOSED,5,e66a85a4806ca73999c603462866f4d2b2ef51b1,Ian Duffy,2014/2/22,2014/3/1,BroganD1993,3d052a8deb9930cd0a734ea1679d38471807d643,AWjfQA46rItCDyYjNmXh,cloudstack-ec2stack/tests/security_group_tests.py
21,"The ""print"" statement should not be used",MAJOR,CLOSED,5,e66a85a4806ca73999c603462866f4d2b2ef51b1,Ian Duffy,2014/2/22,2014/3/1,BroganD1993,3d052a8deb9930cd0a734ea1679d38471807d643,AWjfQA46rItCDyYjNmXh,cloudstack-ec2stack/tests/security_group_tests.py
21,"The ""print"" statement should not be used",MAJOR,CLOSED,5,e66a85a4806ca73999c603462866f4d2b2ef51b1,Ian Duffy,2014/2/22,2014/3/1,BroganD1993,3d052a8deb9930cd0a734ea1679d38471807d643,AWjfQA46rItCDyYjNmXh,cloudstack-ec2stack/tests/security_group_tests.py
2,Unused local variables should be removed,MINOR,CLOSED,5,e66a85a4806ca73999c603462866f4d2b2ef51b1,Ian Duffy,2014/2/22,2014/3/1,BroganD1993,3d052a8deb9930cd0a734ea1679d38471807d643,AWjfQA46rItCDyYjNmXh,cloudstack-ec2stack/tests/security_group_tests.py
2,Unused local variables should be removed,MINOR,CLOSED,5,e66a85a4806ca73999c603462866f4d2b2ef51b1,Ian Duffy,2014/2/22,2014/3/1,BroganD1993,3d052a8deb9930cd0a734ea1679d38471807d643,AWjfQA46rItCDyYjNmXh,cloudstack-ec2stack/tests/security_group_tests.py
2,Unused local variables should be removed,MINOR,CLOSED,5,e66a85a4806ca73999c603462866f4d2b2ef51b1,Ian Duffy,2014/2/22,2014/3/1,BroganD1993,3d052a8deb9930cd0a734ea1679d38471807d643,AWjfQA46rItCDyYjNmXh,cloudstack-ec2stack/tests/security_group_tests.py
2,Unused local variables should be removed,MINOR,CLOSED,5,e66a85a4806ca73999c603462866f4d2b2ef51b1,Ian Duffy,2014/2/22,2014/3/1,BroganD1993,3d052a8deb9930cd0a734ea1679d38471807d643,AWjfQA46rItCDyYjNmXh,cloudstack-ec2stack/tests/security_group_tests.py
2,Unused local variables should be removed,MINOR,CLOSED,5,e66a85a4806ca73999c603462866f4d2b2ef51b1,Ian Duffy,2014/2/22,2014/3/1,BroganD1993,3d052a8deb9930cd0a734ea1679d38471807d643,AWjfQA46rItCDyYjNmXh,cloudstack-ec2stack/tests/security_group_tests.py
2,Unused local variables should be removed,MINOR,CLOSED,5,e66a85a4806ca73999c603462866f4d2b2ef51b1,Ian Duffy,2014/2/22,2014/3/1,BroganD1993,3d052a8deb9930cd0a734ea1679d38471807d643,AWjfQA46rItCDyYjNmXh,cloudstack-ec2stack/tests/security_group_tests.py
2,Unused local variables should be removed,MINOR,CLOSED,5,e66a85a4806ca73999c603462866f4d2b2ef51b1,Ian Duffy,2014/2/22,2014/3/1,BroganD1993,3d052a8deb9930cd0a734ea1679d38471807d643,AWjfQA46rItCDyYjNmXh,cloudstack-ec2stack/tests/security_group_tests.py
2,Unused local variables should be removed,MINOR,CLOSED,5,e66a85a4806ca73999c603462866f4d2b2ef51b1,Ian Duffy,2014/2/22,2014/3/1,BroganD1993,3d052a8deb9930cd0a734ea1679d38471807d643,AWjfQA46rItCDyYjNmXh,cloudstack-ec2stack/tests/security_group_tests.py
381,Unused variable,MINOR,CLOSED,5,e66a85a4806ca73999c603462866f4d2b2ef51b1,Ian Duffy,2014/2/22,2014/3/1,BroganD1993,3d052a8deb9930cd0a734ea1679d38471807d643,AWjfQA4_rItCDyYjNmXj,cloudstack-ec2stack/tests/volume_tests.py
381,Unused variable,MINOR,CLOSED,5,e66a85a4806ca73999c603462866f4d2b2ef51b1,Ian Duffy,2014/2/22,2014/3/1,BroganD1993,3d052a8deb9930cd0a734ea1679d38471807d643,AWjfQA4_rItCDyYjNmXj,cloudstack-ec2stack/tests/volume_tests.py
360,Undefined name,MAJOR,CLOSED,10,e66a85a4806ca73999c603462866f4d2b2ef51b1,Ian Duffy,2014/2/22,2014/3/1,BroganD1993,3d052a8deb9930cd0a734ea1679d38471807d643,AWjfQA4_rItCDyYjNmXj,cloudstack-ec2stack/tests/volume_tests.py
2,Unused local variables should be removed,MINOR,CLOSED,5,e66a85a4806ca73999c603462866f4d2b2ef51b1,Ian Duffy,2014/2/22,2014/3/1,BroganD1993,3d052a8deb9930cd0a734ea1679d38471807d643,AWjfQA4_rItCDyYjNmXj,cloudstack-ec2stack/tests/volume_tests.py
2,Unused local variables should be removed,MINOR,CLOSED,5,e66a85a4806ca73999c603462866f4d2b2ef51b1,Ian Duffy,2014/2/22,2014/3/1,BroganD1993,3d052a8deb9930cd0a734ea1679d38471807d643,AWjfQA4_rItCDyYjNmXj,cloudstack-ec2stack/tests/volume_tests.py
8,Method names should comply with a naming convention,MINOR,CLOSED,5,8aed973dfefeabf45a484170fd240a9bd30f5a12,BroganD1993,2014/2/8,2014/3/1,BroganD1993,3d052a8deb9930cd0a734ea1679d38471807d643,AWjfI8V2rItCDyYjNiPh,cloudstack-ec2stack/tests/utils.py
27,Methods and properties that don't access instance data should be static,MINOR,CLOSED,5,8aed973dfefeabf45a484170fd240a9bd30f5a12,BroganD1993,2014/2/8,2014/3/1,BroganD1993,3d052a8deb9930cd0a734ea1679d38471807d643,AWjfI8V2rItCDyYjNiPh,cloudstack-ec2stack/tests/utils.py
27,Methods and properties that don't access instance data should be static,MINOR,CLOSED,5,8aed973dfefeabf45a484170fd240a9bd30f5a12,BroganD1993,2014/2/8,2014/3/1,BroganD1993,3d052a8deb9930cd0a734ea1679d38471807d643,AWjfI8V2rItCDyYjNiPh,cloudstack-ec2stack/tests/utils.py
8,Method names should comply with a naming convention,MINOR,CLOSED,5,8aed973dfefeabf45a484170fd240a9bd30f5a12,BroganD1993,2014/2/8,2014/3/1,BroganD1993,3d052a8deb9930cd0a734ea1679d38471807d643,AWjfI8V2rItCDyYjNiPh,cloudstack-ec2stack/tests/utils.py
57,Source files should have a sufficient density of comment lines,MAJOR,CLOSED,8,8aed973dfefeabf45a484170fd240a9bd30f5a12,BroganD1993,2014/2/8,2015/4/14,Ian Duffy,21d8b4b1d6ca8c356e07c8103c72b6b20419ec0d,AWjfI8V2rItCDyYjNiPh,cloudstack-ec2stack/tests/utils.py
14,Docstrings should be defined,MAJOR,CLOSED,5,e66a85a4806ca73999c603462866f4d2b2ef51b1,Ian Duffy,2014/2/22,2014/3/8,BroganD1993,0a4e766a0a29e0dd99dd1e76e1eaab61d35f809b,AWjfI8VnrItCDyYjNiPR,cloudstack-ec2stack/ec2stack/helpers.py
14,Docstrings should be defined,MAJOR,CLOSED,5,5ad915a227a3d8865c7ea5dafd76907e953f63f6,BroganD1993,2014/2/15,2014/3/8,BroganD1993,0a4e766a0a29e0dd99dd1e76e1eaab61d35f809b,AWjfI8VnrItCDyYjNiPR,cloudstack-ec2stack/ec2stack/helpers.py
14,Docstrings should be defined,MAJOR,CLOSED,5,5ad915a227a3d8865c7ea5dafd76907e953f63f6,BroganD1993,2014/2/15,2014/3/8,BroganD1993,0a4e766a0a29e0dd99dd1e76e1eaab61d35f809b,AWjfI8VnrItCDyYjNiPR,cloudstack-ec2stack/ec2stack/helpers.py
14,Docstrings should be defined,MAJOR,CLOSED,5,5ad915a227a3d8865c7ea5dafd76907e953f63f6,BroganD1993,2014/2/15,2014/3/8,BroganD1993,0a4e766a0a29e0dd99dd1e76e1eaab61d35f809b,AWjfI8VnrItCDyYjNiPR,cloudstack-ec2stack/ec2stack/helpers.py
14,Docstrings should be defined,MAJOR,CLOSED,5,e66a85a4806ca73999c603462866f4d2b2ef51b1,Ian Duffy,2014/2/22,2014/3/8,BroganD1993,0a4e766a0a29e0dd99dd1e76e1eaab61d35f809b,AWjfI8VnrItCDyYjNiPR,cloudstack-ec2stack/ec2stack/helpers.py
14,Docstrings should be defined,MAJOR,CLOSED,5,8aed973dfefeabf45a484170fd240a9bd30f5a12,BroganD1993,2014/2/8,2014/3/8,BroganD1993,0a4e766a0a29e0dd99dd1e76e1eaab61d35f809b,AWjfI8VnrItCDyYjNiPR,cloudstack-ec2stack/ec2stack/helpers.py
14,Docstrings should be defined,MAJOR,CLOSED,5,e66a85a4806ca73999c603462866f4d2b2ef51b1,Ian Duffy,2014/2/22,2014/3/8,BroganD1993,0a4e766a0a29e0dd99dd1e76e1eaab61d35f809b,AWjfI8VnrItCDyYjNiPR,cloudstack-ec2stack/ec2stack/helpers.py
14,Docstrings should be defined,MAJOR,CLOSED,5,8aed973dfefeabf45a484170fd240a9bd30f5a12,BroganD1993,2014/2/8,2014/3/8,BroganD1993,0a4e766a0a29e0dd99dd1e76e1eaab61d35f809b,AWjfI8VnrItCDyYjNiPR,cloudstack-ec2stack/ec2stack/helpers.py
14,Docstrings should be defined,MAJOR,CLOSED,5,e66a85a4806ca73999c603462866f4d2b2ef51b1,Ian Duffy,2014/2/22,2014/3/8,BroganD1993,0a4e766a0a29e0dd99dd1e76e1eaab61d35f809b,AWjfI8VnrItCDyYjNiPR,cloudstack-ec2stack/ec2stack/helpers.py
14,Docstrings should be defined,MAJOR,CLOSED,5,8aed973dfefeabf45a484170fd240a9bd30f5a12,BroganD1993,2014/2/8,2014/3/8,BroganD1993,0a4e766a0a29e0dd99dd1e76e1eaab61d35f809b,AWjfI8VnrItCDyYjNiPR,cloudstack-ec2stack/ec2stack/helpers.py
14,Docstrings should be defined,MAJOR,CLOSED,5,3d052a8deb9930cd0a734ea1679d38471807d643,BroganD1993,2014/3/1,2014/3/8,BroganD1993,0a4e766a0a29e0dd99dd1e76e1eaab61d35f809b,AWjfI8VnrItCDyYjNiPR,cloudstack-ec2stack/ec2stack/helpers.py
14,Docstrings should be defined,MAJOR,CLOSED,5,3d052a8deb9930cd0a734ea1679d38471807d643,BroganD1993,2014/3/1,2014/3/8,BroganD1993,0a4e766a0a29e0dd99dd1e76e1eaab61d35f809b,AWjfI8VnrItCDyYjNiPR,cloudstack-ec2stack/ec2stack/helpers.py
14,Docstrings should be defined,MAJOR,CLOSED,5,3d052a8deb9930cd0a734ea1679d38471807d643,BroganD1993,2014/3/1,2014/3/8,BroganD1993,0a4e766a0a29e0dd99dd1e76e1eaab61d35f809b,AWjfI8VnrItCDyYjNiPR,cloudstack-ec2stack/ec2stack/helpers.py
14,Docstrings should be defined,MAJOR,CLOSED,5,3d052a8deb9930cd0a734ea1679d38471807d643,BroganD1993,2014/3/1,2014/3/8,BroganD1993,0a4e766a0a29e0dd99dd1e76e1eaab61d35f809b,AWjfI8VnrItCDyYjNiPR,cloudstack-ec2stack/ec2stack/helpers.py
14,Docstrings should be defined,MAJOR,CLOSED,5,3d052a8deb9930cd0a734ea1679d38471807d643,BroganD1993,2014/3/1,2014/3/8,BroganD1993,0a4e766a0a29e0dd99dd1e76e1eaab61d35f809b,AWjfI8VnrItCDyYjNiPR,cloudstack-ec2stack/ec2stack/helpers.py
14,Docstrings should be defined,MAJOR,CLOSED,5,3d052a8deb9930cd0a734ea1679d38471807d643,BroganD1993,2014/3/1,2014/3/8,BroganD1993,0a4e766a0a29e0dd99dd1e76e1eaab61d35f809b,AWjfI8VnrItCDyYjNiPR,cloudstack-ec2stack/ec2stack/helpers.py
14,Docstrings should be defined,MAJOR,CLOSED,5,3d052a8deb9930cd0a734ea1679d38471807d643,BroganD1993,2014/3/1,2014/3/8,BroganD1993,0a4e766a0a29e0dd99dd1e76e1eaab61d35f809b,AWjfI8VnrItCDyYjNiPR,cloudstack-ec2stack/ec2stack/helpers.py
14,Docstrings should be defined,MAJOR,CLOSED,5,3d052a8deb9930cd0a734ea1679d38471807d643,BroganD1993,2014/3/1,2014/3/8,BroganD1993,0a4e766a0a29e0dd99dd1e76e1eaab61d35f809b,AWjfI8VnrItCDyYjNiPR,cloudstack-ec2stack/ec2stack/helpers.py
14,Docstrings should be defined,MAJOR,CLOSED,5,3d052a8deb9930cd0a734ea1679d38471807d643,BroganD1993,2014/3/1,2014/3/8,BroganD1993,0a4e766a0a29e0dd99dd1e76e1eaab61d35f809b,AWjfI8VnrItCDyYjNiPR,cloudstack-ec2stack/ec2stack/helpers.py
14,Docstrings should be defined,MAJOR,CLOSED,5,3d052a8deb9930cd0a734ea1679d38471807d643,BroganD1993,2014/3/1,2014/3/8,BroganD1993,0a4e766a0a29e0dd99dd1e76e1eaab61d35f809b,AWjfQTRTrItCDyYjNmpP,cloudstack-ec2stack/ec2stack/errors.py
14,Docstrings should be defined,MAJOR,CLOSED,5,3d052a8deb9930cd0a734ea1679d38471807d643,BroganD1993,2014/3/1,2014/3/8,BroganD1993,0a4e766a0a29e0dd99dd1e76e1eaab61d35f809b,AWjfI8VirItCDyYjNiPL,cloudstack-ec2stack/ec2stack/controllers/default.py
14,Docstrings should be defined,MAJOR,CLOSED,5,3d052a8deb9930cd0a734ea1679d38471807d643,BroganD1993,2014/3/1,2014/3/8,BroganD1993,0a4e766a0a29e0dd99dd1e76e1eaab61d35f809b,AWjfI8VirItCDyYjNiPL,cloudstack-ec2stack/ec2stack/controllers/default.py
57,Source files should have a sufficient density of comment lines,MAJOR,CLOSED,2,e66a85a4806ca73999c603462866f4d2b2ef51b1,Ian Duffy,2014/2/22,2014/3/8,BroganD1993,0a4e766a0a29e0dd99dd1e76e1eaab61d35f809b,AWjfQA4drItCDyYjNmXO,cloudstack-ec2stack/ec2stack/providers/cloudstack/disk_offerings.py
14,Docstrings should be defined,MAJOR,CLOSED,5,3d052a8deb9930cd0a734ea1679d38471807d643,BroganD1993,2014/3/1,2014/3/8,BroganD1993,0a4e766a0a29e0dd99dd1e76e1eaab61d35f809b,AWjfQA4drItCDyYjNmXO,cloudstack-ec2stack/ec2stack/providers/cloudstack/disk_offerings.py
14,Docstrings should be defined,MAJOR,CLOSED,5,e66a85a4806ca73999c603462866f4d2b2ef51b1,Ian Duffy,2014/2/22,2014/3/8,BroganD1993,0a4e766a0a29e0dd99dd1e76e1eaab61d35f809b,AWjfQA4frItCDyYjNmXQ,cloudstack-ec2stack/ec2stack/providers/cloudstack/instances.py
14,Docstrings should be defined,MAJOR,CLOSED,5,e66a85a4806ca73999c603462866f4d2b2ef51b1,Ian Duffy,2014/2/22,2014/3/8,BroganD1993,0a4e766a0a29e0dd99dd1e76e1eaab61d35f809b,AWjfQA4frItCDyYjNmXQ,cloudstack-ec2stack/ec2stack/providers/cloudstack/instances.py
57,Source files should have a sufficient density of comment lines,MAJOR,CLOSED,58,e66a85a4806ca73999c603462866f4d2b2ef51b1,Ian Duffy,2014/2/22,2014/3/8,BroganD1993,0a4e766a0a29e0dd99dd1e76e1eaab61d35f809b,AWjfQA4frItCDyYjNmXQ,cloudstack-ec2stack/ec2stack/providers/cloudstack/instances.py
14,Docstrings should be defined,MAJOR,CLOSED,5,3d052a8deb9930cd0a734ea1679d38471807d643,BroganD1993,2014/3/1,2014/3/8,BroganD1993,0a4e766a0a29e0dd99dd1e76e1eaab61d35f809b,AWjfQA4frItCDyYjNmXQ,cloudstack-ec2stack/ec2stack/providers/cloudstack/instances.py
14,Docstrings should be defined,MAJOR,CLOSED,5,3d052a8deb9930cd0a734ea1679d38471807d643,BroganD1993,2014/3/1,2014/3/8,BroganD1993,0a4e766a0a29e0dd99dd1e76e1eaab61d35f809b,AWjfQA4frItCDyYjNmXQ,cloudstack-ec2stack/ec2stack/providers/cloudstack/instances.py
14,Docstrings should be defined,MAJOR,CLOSED,5,3d052a8deb9930cd0a734ea1679d38471807d643,BroganD1993,2014/3/1,2014/3/8,BroganD1993,0a4e766a0a29e0dd99dd1e76e1eaab61d35f809b,AWjfQA4frItCDyYjNmXQ,cloudstack-ec2stack/ec2stack/providers/cloudstack/instances.py
14,Docstrings should be defined,MAJOR,CLOSED,5,3d052a8deb9930cd0a734ea1679d38471807d643,BroganD1993,2014/3/1,2014/3/8,BroganD1993,0a4e766a0a29e0dd99dd1e76e1eaab61d35f809b,AWjfQA4frItCDyYjNmXQ,cloudstack-ec2stack/ec2stack/providers/cloudstack/instances.py
14,Docstrings should be defined,MAJOR,CLOSED,5,3d052a8deb9930cd0a734ea1679d38471807d643,BroganD1993,2014/3/1,2014/3/8,BroganD1993,0a4e766a0a29e0dd99dd1e76e1eaab61d35f809b,AWjfQA4frItCDyYjNmXQ,cloudstack-ec2stack/ec2stack/providers/cloudstack/instances.py
14,Docstrings should be defined,MAJOR,CLOSED,5,3d052a8deb9930cd0a734ea1679d38471807d643,BroganD1993,2014/3/1,2014/3/8,BroganD1993,0a4e766a0a29e0dd99dd1e76e1eaab61d35f809b,AWjfQA4frItCDyYjNmXQ,cloudstack-ec2stack/ec2stack/providers/cloudstack/instances.py
14,Docstrings should be defined,MAJOR,CLOSED,5,3d052a8deb9930cd0a734ea1679d38471807d643,BroganD1993,2014/3/1,2014/3/8,BroganD1993,0a4e766a0a29e0dd99dd1e76e1eaab61d35f809b,AWjfQA4frItCDyYjNmXQ,cloudstack-ec2stack/ec2stack/providers/cloudstack/instances.py
14,Docstrings should be defined,MAJOR,CLOSED,5,3d052a8deb9930cd0a734ea1679d38471807d643,BroganD1993,2014/3/1,2014/3/8,BroganD1993,0a4e766a0a29e0dd99dd1e76e1eaab61d35f809b,AWjfQA4frItCDyYjNmXQ,cloudstack-ec2stack/ec2stack/providers/cloudstack/instances.py
14,Docstrings should be defined,MAJOR,CLOSED,5,3d052a8deb9930cd0a734ea1679d38471807d643,BroganD1993,2014/3/1,2014/3/8,BroganD1993,0a4e766a0a29e0dd99dd1e76e1eaab61d35f809b,AWjfQA4frItCDyYjNmXQ,cloudstack-ec2stack/ec2stack/providers/cloudstack/instances.py
14,Docstrings should be defined,MAJOR,CLOSED,5,e66a85a4806ca73999c603462866f4d2b2ef51b1,Ian Duffy,2014/2/22,2014/3/8,BroganD1993,0a4e766a0a29e0dd99dd1e76e1eaab61d35f809b,AWjfQA4erItCDyYjNmXP,cloudstack-ec2stack/ec2stack/providers/cloudstack/images.py
14,Docstrings should be defined,MAJOR,CLOSED,5,e66a85a4806ca73999c603462866f4d2b2ef51b1,Ian Duffy,2014/2/22,2014/3/8,BroganD1993,0a4e766a0a29e0dd99dd1e76e1eaab61d35f809b,AWjfQA4erItCDyYjNmXP,cloudstack-ec2stack/ec2stack/providers/cloudstack/images.py
57,Source files should have a sufficient density of comment lines,MAJOR,CLOSED,26,e66a85a4806ca73999c603462866f4d2b2ef51b1,Ian Duffy,2014/2/22,2014/3/8,BroganD1993,0a4e766a0a29e0dd99dd1e76e1eaab61d35f809b,AWjfQA4erItCDyYjNmXP,cloudstack-ec2stack/ec2stack/providers/cloudstack/images.py
14,Docstrings should be defined,MAJOR,CLOSED,5,3d052a8deb9930cd0a734ea1679d38471807d643,BroganD1993,2014/3/1,2014/3/8,BroganD1993,0a4e766a0a29e0dd99dd1e76e1eaab61d35f809b,AWjfQA4erItCDyYjNmXP,cloudstack-ec2stack/ec2stack/providers/cloudstack/images.py
14,Docstrings should be defined,MAJOR,CLOSED,5,3d052a8deb9930cd0a734ea1679d38471807d643,BroganD1993,2014/3/1,2014/3/8,BroganD1993,0a4e766a0a29e0dd99dd1e76e1eaab61d35f809b,AWjfQA4erItCDyYjNmXP,cloudstack-ec2stack/ec2stack/providers/cloudstack/images.py
14,Docstrings should be defined,MAJOR,CLOSED,5,3d052a8deb9930cd0a734ea1679d38471807d643,BroganD1993,2014/3/1,2014/3/8,BroganD1993,0a4e766a0a29e0dd99dd1e76e1eaab61d35f809b,AWjfQA4erItCDyYjNmXP,cloudstack-ec2stack/ec2stack/providers/cloudstack/images.py
14,Docstrings should be defined,MAJOR,CLOSED,5,3d052a8deb9930cd0a734ea1679d38471807d643,BroganD1993,2014/3/1,2014/3/8,BroganD1993,0a4e766a0a29e0dd99dd1e76e1eaab61d35f809b,AWjfQTRmrItCDyYjNmpR,cloudstack-ec2stack/ec2stack/providers/cloudstack/passwords.py
57,Source files should have a sufficient density of comment lines,MAJOR,CLOSED,16,3d052a8deb9930cd0a734ea1679d38471807d643,BroganD1993,2014/3/1,2014/3/8,BroganD1993,0a4e766a0a29e0dd99dd1e76e1eaab61d35f809b,AWjfQTRmrItCDyYjNmpR,cloudstack-ec2stack/ec2stack/providers/cloudstack/passwords.py
14,Docstrings should be defined,MAJOR,CLOSED,5,5ad915a227a3d8865c7ea5dafd76907e953f63f6,BroganD1993,2014/2/15,2014/3/8,BroganD1993,0a4e766a0a29e0dd99dd1e76e1eaab61d35f809b,AWjfQA4mrItCDyYjNmXU,cloudstack-ec2stack/ec2stack/providers/cloudstack/requester.py
14,Docstrings should be defined,MAJOR,CLOSED,5,5ad915a227a3d8865c7ea5dafd76907e953f63f6,BroganD1993,2014/2/15,2014/3/8,BroganD1993,0a4e766a0a29e0dd99dd1e76e1eaab61d35f809b,AWjfQA4mrItCDyYjNmXU,cloudstack-ec2stack/ec2stack/providers/cloudstack/requester.py
57,Source files should have a sufficient density of comment lines,MAJOR,CLOSED,46,5ad915a227a3d8865c7ea5dafd76907e953f63f6,BroganD1993,2014/2/15,2014/3/8,BroganD1993,0a4e766a0a29e0dd99dd1e76e1eaab61d35f809b,AWjfQA4mrItCDyYjNmXU,cloudstack-ec2stack/ec2stack/providers/cloudstack/requester.py
14,Docstrings should be defined,MAJOR,CLOSED,5,5ad915a227a3d8865c7ea5dafd76907e953f63f6,BroganD1993,2014/2/15,2014/3/8,BroganD1993,0a4e766a0a29e0dd99dd1e76e1eaab61d35f809b,AWjfQA4mrItCDyYjNmXU,cloudstack-ec2stack/ec2stack/providers/cloudstack/requester.py
14,Docstrings should be defined,MAJOR,CLOSED,5,3d052a8deb9930cd0a734ea1679d38471807d643,BroganD1993,2014/3/1,2014/3/8,BroganD1993,0a4e766a0a29e0dd99dd1e76e1eaab61d35f809b,AWjfQA4mrItCDyYjNmXU,cloudstack-ec2stack/ec2stack/providers/cloudstack/requester.py
382,Unused argument,MINOR,CLOSED,15,3d052a8deb9930cd0a734ea1679d38471807d643,BroganD1993,2014/3/1,2014/3/8,BroganD1993,0a4e766a0a29e0dd99dd1e76e1eaab61d35f809b,AWjfQTRyrItCDyYjNmpS,cloudstack-ec2stack/ec2stack/providers/cloudstack/security_groups.py
14,Docstrings should be defined,MAJOR,CLOSED,5,3d052a8deb9930cd0a734ea1679d38471807d643,BroganD1993,2014/3/1,2014/3/8,BroganD1993,0a4e766a0a29e0dd99dd1e76e1eaab61d35f809b,AWjfQTRyrItCDyYjNmpS,cloudstack-ec2stack/ec2stack/providers/cloudstack/security_groups.py
14,Docstrings should be defined,MAJOR,CLOSED,5,3d052a8deb9930cd0a734ea1679d38471807d643,BroganD1993,2014/3/1,2014/3/8,BroganD1993,0a4e766a0a29e0dd99dd1e76e1eaab61d35f809b,AWjfQTRyrItCDyYjNmpS,cloudstack-ec2stack/ec2stack/providers/cloudstack/security_groups.py
14,Docstrings should be defined,MAJOR,CLOSED,5,3d052a8deb9930cd0a734ea1679d38471807d643,BroganD1993,2014/3/1,2014/3/8,BroganD1993,0a4e766a0a29e0dd99dd1e76e1eaab61d35f809b,AWjfQTRyrItCDyYjNmpS,cloudstack-ec2stack/ec2stack/providers/cloudstack/security_groups.py
14,Docstrings should be defined,MAJOR,CLOSED,5,3d052a8deb9930cd0a734ea1679d38471807d643,BroganD1993,2014/3/1,2014/3/8,BroganD1993,0a4e766a0a29e0dd99dd1e76e1eaab61d35f809b,AWjfQTRyrItCDyYjNmpS,cloudstack-ec2stack/ec2stack/providers/cloudstack/security_groups.py
14,Docstrings should be defined,MAJOR,CLOSED,5,3d052a8deb9930cd0a734ea1679d38471807d643,BroganD1993,2014/3/1,2014/3/8,BroganD1993,0a4e766a0a29e0dd99dd1e76e1eaab61d35f809b,AWjfQTRyrItCDyYjNmpS,cloudstack-ec2stack/ec2stack/providers/cloudstack/security_groups.py
14,Docstrings should be defined,MAJOR,CLOSED,5,3d052a8deb9930cd0a734ea1679d38471807d643,BroganD1993,2014/3/1,2014/3/8,BroganD1993,0a4e766a0a29e0dd99dd1e76e1eaab61d35f809b,AWjfQTRyrItCDyYjNmpS,cloudstack-ec2stack/ec2stack/providers/cloudstack/security_groups.py
14,Docstrings should be defined,MAJOR,CLOSED,5,3d052a8deb9930cd0a734ea1679d38471807d643,BroganD1993,2014/3/1,2014/3/8,BroganD1993,0a4e766a0a29e0dd99dd1e76e1eaab61d35f809b,AWjfQTRyrItCDyYjNmpS,cloudstack-ec2stack/ec2stack/providers/cloudstack/security_groups.py
14,Docstrings should be defined,MAJOR,CLOSED,5,3d052a8deb9930cd0a734ea1679d38471807d643,BroganD1993,2014/3/1,2014/3/8,BroganD1993,0a4e766a0a29e0dd99dd1e76e1eaab61d35f809b,AWjfQTRyrItCDyYjNmpS,cloudstack-ec2stack/ec2stack/providers/cloudstack/security_groups.py
14,Docstrings should be defined,MAJOR,CLOSED,5,3d052a8deb9930cd0a734ea1679d38471807d643,BroganD1993,2014/3/1,2014/3/8,BroganD1993,0a4e766a0a29e0dd99dd1e76e1eaab61d35f809b,AWjfQTRyrItCDyYjNmpS,cloudstack-ec2stack/ec2stack/providers/cloudstack/security_groups.py
14,Docstrings should be defined,MAJOR,CLOSED,5,3d052a8deb9930cd0a734ea1679d38471807d643,BroganD1993,2014/3/1,2014/3/8,BroganD1993,0a4e766a0a29e0dd99dd1e76e1eaab61d35f809b,AWjfQTRyrItCDyYjNmpS,cloudstack-ec2stack/ec2stack/providers/cloudstack/security_groups.py
14,Docstrings should be defined,MAJOR,CLOSED,5,3d052a8deb9930cd0a734ea1679d38471807d643,BroganD1993,2014/3/1,2014/3/8,BroganD1993,0a4e766a0a29e0dd99dd1e76e1eaab61d35f809b,AWjfQTRyrItCDyYjNmpS,cloudstack-ec2stack/ec2stack/providers/cloudstack/security_groups.py
14,Docstrings should be defined,MAJOR,CLOSED,5,3d052a8deb9930cd0a734ea1679d38471807d643,BroganD1993,2014/3/1,2014/3/8,BroganD1993,0a4e766a0a29e0dd99dd1e76e1eaab61d35f809b,AWjfQTRyrItCDyYjNmpS,cloudstack-ec2stack/ec2stack/providers/cloudstack/security_groups.py
14,Docstrings should be defined,MAJOR,CLOSED,5,3d052a8deb9930cd0a734ea1679d38471807d643,BroganD1993,2014/3/1,2014/3/8,BroganD1993,0a4e766a0a29e0dd99dd1e76e1eaab61d35f809b,AWjfQTRyrItCDyYjNmpS,cloudstack-ec2stack/ec2stack/providers/cloudstack/security_groups.py
14,Docstrings should be defined,MAJOR,CLOSED,5,3d052a8deb9930cd0a734ea1679d38471807d643,BroganD1993,2014/3/1,2014/3/8,BroganD1993,0a4e766a0a29e0dd99dd1e76e1eaab61d35f809b,AWjfQTRyrItCDyYjNmpS,cloudstack-ec2stack/ec2stack/providers/cloudstack/security_groups.py
14,Docstrings should be defined,MAJOR,CLOSED,5,3d052a8deb9930cd0a734ea1679d38471807d643,BroganD1993,2014/3/1,2014/3/8,BroganD1993,0a4e766a0a29e0dd99dd1e76e1eaab61d35f809b,AWjfQTRyrItCDyYjNmpS,cloudstack-ec2stack/ec2stack/providers/cloudstack/security_groups.py
14,Docstrings should be defined,MAJOR,CLOSED,5,3d052a8deb9930cd0a734ea1679d38471807d643,BroganD1993,2014/3/1,2014/3/8,BroganD1993,0a4e766a0a29e0dd99dd1e76e1eaab61d35f809b,AWjfQTRyrItCDyYjNmpS,cloudstack-ec2stack/ec2stack/providers/cloudstack/security_groups.py
57,Source files should have a sufficient density of comment lines,MAJOR,CLOSED,124,3d052a8deb9930cd0a734ea1679d38471807d643,BroganD1993,2014/3/1,2014/3/8,BroganD1993,0a4e766a0a29e0dd99dd1e76e1eaab61d35f809b,AWjfQTRyrItCDyYjNmpS,cloudstack-ec2stack/ec2stack/providers/cloudstack/security_groups.py
14,Docstrings should be defined,MAJOR,CLOSED,5,3d052a8deb9930cd0a734ea1679d38471807d643,BroganD1993,2014/3/1,2014/3/8,BroganD1993,0a4e766a0a29e0dd99dd1e76e1eaab61d35f809b,AWjfQTRzrItCDyYjNmpT,cloudstack-ec2stack/ec2stack/providers/cloudstack/volumes.py
14,Docstrings should be defined,MAJOR,CLOSED,5,3d052a8deb9930cd0a734ea1679d38471807d643,BroganD1993,2014/3/1,2014/3/8,BroganD1993,0a4e766a0a29e0dd99dd1e76e1eaab61d35f809b,AWjfQTRzrItCDyYjNmpT,cloudstack-ec2stack/ec2stack/providers/cloudstack/volumes.py
14,Docstrings should be defined,MAJOR,CLOSED,5,3d052a8deb9930cd0a734ea1679d38471807d643,BroganD1993,2014/3/1,2014/3/8,BroganD1993,0a4e766a0a29e0dd99dd1e76e1eaab61d35f809b,AWjfQTRzrItCDyYjNmpT,cloudstack-ec2stack/ec2stack/providers/cloudstack/volumes.py
14,Docstrings should be defined,MAJOR,CLOSED,5,3d052a8deb9930cd0a734ea1679d38471807d643,BroganD1993,2014/3/1,2014/3/8,BroganD1993,0a4e766a0a29e0dd99dd1e76e1eaab61d35f809b,AWjfQTRzrItCDyYjNmpT,cloudstack-ec2stack/ec2stack/providers/cloudstack/volumes.py
14,Docstrings should be defined,MAJOR,CLOSED,5,3d052a8deb9930cd0a734ea1679d38471807d643,BroganD1993,2014/3/1,2014/3/8,BroganD1993,0a4e766a0a29e0dd99dd1e76e1eaab61d35f809b,AWjfQTRzrItCDyYjNmpT,cloudstack-ec2stack/ec2stack/providers/cloudstack/volumes.py
14,Docstrings should be defined,MAJOR,CLOSED,5,3d052a8deb9930cd0a734ea1679d38471807d643,BroganD1993,2014/3/1,2014/3/8,BroganD1993,0a4e766a0a29e0dd99dd1e76e1eaab61d35f809b,AWjfQTRzrItCDyYjNmpT,cloudstack-ec2stack/ec2stack/providers/cloudstack/volumes.py
57,Source files should have a sufficient density of comment lines,MAJOR,CLOSED,44,3d052a8deb9930cd0a734ea1679d38471807d643,BroganD1993,2014/3/1,2014/3/8,BroganD1993,0a4e766a0a29e0dd99dd1e76e1eaab61d35f809b,AWjfQTRzrItCDyYjNmpT,cloudstack-ec2stack/ec2stack/providers/cloudstack/volumes.py
14,Docstrings should be defined,MAJOR,CLOSED,5,3d052a8deb9930cd0a734ea1679d38471807d643,BroganD1993,2014/3/1,2014/3/8,BroganD1993,0a4e766a0a29e0dd99dd1e76e1eaab61d35f809b,AWjfQTR1rItCDyYjNmpU,cloudstack-ec2stack/ec2stack/providers/cloudstack/zones.py
14,Docstrings should be defined,MAJOR,CLOSED,5,3d052a8deb9930cd0a734ea1679d38471807d643,BroganD1993,2014/3/1,2014/3/8,BroganD1993,0a4e766a0a29e0dd99dd1e76e1eaab61d35f809b,AWjfQTR1rItCDyYjNmpU,cloudstack-ec2stack/ec2stack/providers/cloudstack/zones.py
14,Docstrings should be defined,MAJOR,CLOSED,5,3d052a8deb9930cd0a734ea1679d38471807d643,BroganD1993,2014/3/1,2014/3/8,BroganD1993,0a4e766a0a29e0dd99dd1e76e1eaab61d35f809b,AWjfQTR1rItCDyYjNmpU,cloudstack-ec2stack/ec2stack/providers/cloudstack/zones.py
57,Source files should have a sufficient density of comment lines,MAJOR,CLOSED,12,3d052a8deb9930cd0a734ea1679d38471807d643,BroganD1993,2014/3/1,2014/3/8,BroganD1993,0a4e766a0a29e0dd99dd1e76e1eaab61d35f809b,AWjfQTR1rItCDyYjNmpU,cloudstack-ec2stack/ec2stack/providers/cloudstack/zones.py
14,Docstrings should be defined,MAJOR,CLOSED,5,3d052a8deb9930cd0a734ea1679d38471807d643,BroganD1993,2014/3/1,2014/3/8,BroganD1993,0a4e766a0a29e0dd99dd1e76e1eaab61d35f809b,AWjfQTRlrItCDyYjNmpQ,cloudstack-ec2stack/ec2stack/providers/cloudstack/keypairs.py
14,Docstrings should be defined,MAJOR,CLOSED,5,3d052a8deb9930cd0a734ea1679d38471807d643,BroganD1993,2014/3/1,2014/3/8,BroganD1993,0a4e766a0a29e0dd99dd1e76e1eaab61d35f809b,AWjfQTRlrItCDyYjNmpQ,cloudstack-ec2stack/ec2stack/providers/cloudstack/keypairs.py
14,Docstrings should be defined,MAJOR,CLOSED,5,3d052a8deb9930cd0a734ea1679d38471807d643,BroganD1993,2014/3/1,2014/3/8,BroganD1993,0a4e766a0a29e0dd99dd1e76e1eaab61d35f809b,AWjfQTRlrItCDyYjNmpQ,cloudstack-ec2stack/ec2stack/providers/cloudstack/keypairs.py
14,Docstrings should be defined,MAJOR,CLOSED,5,3d052a8deb9930cd0a734ea1679d38471807d643,BroganD1993,2014/3/1,2014/3/8,BroganD1993,0a4e766a0a29e0dd99dd1e76e1eaab61d35f809b,AWjfQTRlrItCDyYjNmpQ,cloudstack-ec2stack/ec2stack/providers/cloudstack/keypairs.py
57,Source files should have a sufficient density of comment lines,MAJOR,CLOSED,48,3d052a8deb9930cd0a734ea1679d38471807d643,BroganD1993,2014/3/1,2014/3/8,BroganD1993,0a4e766a0a29e0dd99dd1e76e1eaab61d35f809b,AWjfQTRlrItCDyYjNmpQ,cloudstack-ec2stack/ec2stack/providers/cloudstack/keypairs.py
14,Docstrings should be defined,MAJOR,CLOSED,5,3d052a8deb9930cd0a734ea1679d38471807d643,BroganD1993,2014/3/1,2014/3/8,BroganD1993,0a4e766a0a29e0dd99dd1e76e1eaab61d35f809b,AWjfQA4prItCDyYjNmXX,cloudstack-ec2stack/ec2stack/providers/cloudstack/__init__.py
14,Docstrings should be defined,MAJOR,CLOSED,5,3d052a8deb9930cd0a734ea1679d38471807d643,BroganD1993,2014/3/1,2014/3/8,BroganD1993,0a4e766a0a29e0dd99dd1e76e1eaab61d35f809b,AWjfQA4prItCDyYjNmXX,cloudstack-ec2stack/ec2stack/providers/cloudstack/__init__.py
14,Docstrings should be defined,MAJOR,CLOSED,5,3d052a8deb9930cd0a734ea1679d38471807d643,BroganD1993,2014/3/1,2014/3/8,BroganD1993,0a4e766a0a29e0dd99dd1e76e1eaab61d35f809b,AWjfQA4prItCDyYjNmXX,cloudstack-ec2stack/ec2stack/providers/cloudstack/__init__.py
14,Docstrings should be defined,MAJOR,CLOSED,5,3d052a8deb9930cd0a734ea1679d38471807d643,BroganD1993,2014/3/1,2014/3/8,BroganD1993,0a4e766a0a29e0dd99dd1e76e1eaab61d35f809b,AWjfQA4prItCDyYjNmXX,cloudstack-ec2stack/ec2stack/providers/cloudstack/__init__.py
57,Source files should have a sufficient density of comment lines,MAJOR,CLOSED,22,3d052a8deb9930cd0a734ea1679d38471807d643,BroganD1993,2014/3/1,2014/3/8,BroganD1993,0a4e766a0a29e0dd99dd1e76e1eaab61d35f809b,AWjfQA4prItCDyYjNmXX,cloudstack-ec2stack/ec2stack/providers/cloudstack/__init__.py
430,Bad indentation,MINOR,CLOSED,1,3d052a8deb9930cd0a734ea1679d38471807d643,BroganD1993,2014/3/1,2014/3/8,BroganD1993,0a4e766a0a29e0dd99dd1e76e1eaab61d35f809b,AWjfQA4_rItCDyYjNmXj,cloudstack-ec2stack/tests/volume_tests.py
430,Bad indentation,MINOR,CLOSED,1,3d052a8deb9930cd0a734ea1679d38471807d643,BroganD1993,2014/3/1,2014/3/8,BroganD1993,0a4e766a0a29e0dd99dd1e76e1eaab61d35f809b,AWjfQA4_rItCDyYjNmXj,cloudstack-ec2stack/tests/volume_tests.py
14,Docstrings should be defined,MAJOR,CLOSED,5,0a4e766a0a29e0dd99dd1e76e1eaab61d35f809b,BroganD1993,2014/3/8,2014/3/9,BroganD1993,2f57c3fe4783344441e36aea5a845f54291ba46f,AWjfQ_ojrItCDyYjNmv9,cloudstack-ec2stack/ec2stack/secretkey_manager.py
14,Docstrings should be defined,MAJOR,CLOSED,5,0a4e766a0a29e0dd99dd1e76e1eaab61d35f809b,BroganD1993,2014/3/8,2014/3/9,BroganD1993,2f57c3fe4783344441e36aea5a845f54291ba46f,AWjfQ_oTrItCDyYjNmv8,cloudstack-ec2stack/ec2stack/configure.py
28,IP addresses should not be hardcoded,MINOR,CLOSED,30,0a4e766a0a29e0dd99dd1e76e1eaab61d35f809b,BroganD1993,2014/3/8,2014/7/5,BroganD1993,6f94bae96beb90f037c555e0d3e89a3b20d8fff3,AWjfQ_oTrItCDyYjNmv8,cloudstack-ec2stack/ec2stack/configure.py
28,IP addresses should not be hardcoded,MINOR,CLOSED,30,0a4e766a0a29e0dd99dd1e76e1eaab61d35f809b,BroganD1993,2014/3/8,2014/7/5,BroganD1993,6f94bae96beb90f037c555e0d3e89a3b20d8fff3,AWjfQ_oTrItCDyYjNmv8,cloudstack-ec2stack/ec2stack/configure.py
57,Source files should have a sufficient density of comment lines,MAJOR,CLOSED,18,0a4e766a0a29e0dd99dd1e76e1eaab61d35f809b,BroganD1993,2014/3/8,2014/7/9,BroganD1993,252e43e55d8edb5ad4e66033ebd7ce7ae4d235aa,AWjfQ_oTrItCDyYjNmv8,cloudstack-ec2stack/ec2stack/configure.py
313,Task marker found,MINOR,CLOSED,60,0a4e766a0a29e0dd99dd1e76e1eaab61d35f809b,BroganD1993,2014/3/8,2014/3/9,BroganD1993,2f57c3fe4783344441e36aea5a845f54291ba46f,AWjfQTRyrItCDyYjNmpS,cloudstack-ec2stack/ec2stack/providers/cloudstack/security_groups.py
313,Task marker found,MINOR,CLOSED,60,0a4e766a0a29e0dd99dd1e76e1eaab61d35f809b,BroganD1993,2014/3/8,2014/3/9,BroganD1993,2f57c3fe4783344441e36aea5a845f54291ba46f,AWjfQTRyrItCDyYjNmpS,cloudstack-ec2stack/ec2stack/providers/cloudstack/security_groups.py
313,Task marker found,MINOR,CLOSED,60,0a4e766a0a29e0dd99dd1e76e1eaab61d35f809b,BroganD1993,2014/3/8,2014/3/9,BroganD1993,2f57c3fe4783344441e36aea5a845f54291ba46f,AWjfQTRyrItCDyYjNmpS,cloudstack-ec2stack/ec2stack/providers/cloudstack/security_groups.py
17,"Track ""TODO"" and ""FIXME"" comments that do not contain a reference to a person",MINOR,CLOSED,0,0a4e766a0a29e0dd99dd1e76e1eaab61d35f809b,BroganD1993,2014/3/8,2014/3/9,BroganD1993,2f57c3fe4783344441e36aea5a845f54291ba46f,AWjfQTRyrItCDyYjNmpS,cloudstack-ec2stack/ec2stack/providers/cloudstack/security_groups.py
17,"Track ""TODO"" and ""FIXME"" comments that do not contain a reference to a person",MINOR,CLOSED,0,0a4e766a0a29e0dd99dd1e76e1eaab61d35f809b,BroganD1993,2014/3/8,2014/3/9,BroganD1993,2f57c3fe4783344441e36aea5a845f54291ba46f,AWjfQTRyrItCDyYjNmpS,cloudstack-ec2stack/ec2stack/providers/cloudstack/security_groups.py
17,"Track ""TODO"" and ""FIXME"" comments that do not contain a reference to a person",MINOR,CLOSED,0,0a4e766a0a29e0dd99dd1e76e1eaab61d35f809b,BroganD1993,2014/3/8,2014/3/9,BroganD1993,2f57c3fe4783344441e36aea5a845f54291ba46f,AWjfQTRyrItCDyYjNmpS,cloudstack-ec2stack/ec2stack/providers/cloudstack/security_groups.py
14,Docstrings should be defined,MAJOR,CLOSED,5,0a4e766a0a29e0dd99dd1e76e1eaab61d35f809b,BroganD1993,2014/3/8,2014/3/9,BroganD1993,2f57c3fe4783344441e36aea5a845f54291ba46f,AWjfQ_o3rItCDyYjNmv-,cloudstack-ec2stack/ec2stack/providers/cloudstack/service_offerings.py
41,"Collapsible ""if"" statements should be merged",MAJOR,CLOSED,5,0a4e766a0a29e0dd99dd1e76e1eaab61d35f809b,BroganD1993,2014/3/8,2014/3/9,BroganD1993,2f57c3fe4783344441e36aea5a845f54291ba46f,AWjfQTRzrItCDyYjNmpT,cloudstack-ec2stack/ec2stack/providers/cloudstack/volumes.py
26,Two branches in a conditional structure should not have exactly the same implementation,MAJOR,CLOSED,10,2f57c3fe4783344441e36aea5a845f54291ba46f,BroganD1993,2014/3/9,2014/3/17,BroganD1993,0754e277854bbd2f1de2c5d98d97b47a6ff73306,AWjfQTRzrItCDyYjNmpT,cloudstack-ec2stack/ec2stack/providers/cloudstack/volumes.py
29,Cognitive Complexity of functions should not be too high,CRITICAL,CLOSED,6,0a4e766a0a29e0dd99dd1e76e1eaab61d35f809b,BroganD1993,2014/3/8,2014/5/31,BroganD1993,d0ee2666f0955f1799996504fea22a6ff7d746ab,AWjfQ_oTrItCDyYjNmv8,cloudstack-ec2stack/ec2stack/configure.py
14,Docstrings should be defined,MAJOR,CLOSED,5,d0ee2666f0955f1799996504fea22a6ff7d746ab,BroganD1993,2014/5/31,2014/7/5,BroganD1993,6f94bae96beb90f037c555e0d3e89a3b20d8fff3,AWjfQ_oTrItCDyYjNmv8,cloudstack-ec2stack/ec2stack/configure.py
14,Docstrings should be defined,MAJOR,CLOSED,5,d0ee2666f0955f1799996504fea22a6ff7d746ab,BroganD1993,2014/5/31,2014/7/5,BroganD1993,6f94bae96beb90f037c555e0d3e89a3b20d8fff3,AWjfQ_oTrItCDyYjNmv8,cloudstack-ec2stack/ec2stack/configure.py
281,Syntax error,MAJOR,CLOSED,5,d0ee2666f0955f1799996504fea22a6ff7d746ab,BroganD1993,2014/5/31,2014/7/19,BroganD1993,055932edd9e71c0ce56d698b4c97b5123558c5e2,AWjfa8BBrItCDyYjNn6c,cloudstack-ec2stack/tests/tags_tests.py
21,"The ""print"" statement should not be used",MAJOR,CLOSED,5,d0ee2666f0955f1799996504fea22a6ff7d746ab,BroganD1993,2014/5/31,2014/7/19,BroganD1993,055932edd9e71c0ce56d698b4c97b5123558c5e2,AWjfa8BBrItCDyYjNn6c,cloudstack-ec2stack/tests/tags_tests.py
14,Docstrings should be defined,MAJOR,CLOSED,5,6f94bae96beb90f037c555e0d3e89a3b20d8fff3,BroganD1993,2014/7/5,2014/7/9,BroganD1993,252e43e55d8edb5ad4e66033ebd7ce7ae4d235aa,AWjfQ_oTrItCDyYjNmv8,cloudstack-ec2stack/ec2stack/configure.py
14,Docstrings should be defined,MAJOR,CLOSED,5,6f94bae96beb90f037c555e0d3e89a3b20d8fff3,BroganD1993,2014/7/5,2014/7/9,BroganD1993,252e43e55d8edb5ad4e66033ebd7ce7ae4d235aa,AWjfQ_oTrItCDyYjNmv8,cloudstack-ec2stack/ec2stack/configure.py
57,Source files should have a sufficient density of comment lines,MAJOR,CLOSED,4,6f94bae96beb90f037c555e0d3e89a3b20d8fff3,BroganD1993,2014/7/5,2014/7/9,BroganD1993,252e43e55d8edb5ad4e66033ebd7ce7ae4d235aa,AWjfI8VqrItCDyYjNiPU,cloudstack-ec2stack/ec2stack/__init__.py
33,Files should contain an empty newline at the end,MINOR,CLOSED,1,055932edd9e71c0ce56d698b4c97b5123558c5e2,BroganD1993,2014/7/19,2015/4/14,Ian Duffy,21d8b4b1d6ca8c356e07c8103c72b6b20419ec0d,AWjfkW0JrItCDyYjNo_F,cloudstack-ec2stack/tests/vpc_tests.py
33,Files should contain an empty newline at the end,MINOR,CLOSED,1,f0a8c1112a4936e046eeff07dfb576bcfe709bb5,BroganD1993,2014/8/9,2015/4/14,Ian Duffy,21d8b4b1d6ca8c356e07c8103c72b6b20419ec0d,AWjflLSXrItCDyYjNpBD,cloudstack-ec2stack/tests/snapshot_tests.py
50,Lines should not be too long,MAJOR,CLOSED,1,249834f8c816e90dfc3ca40a1aadddca8e28e947,BroganD1993,2014/8/15,2014/8/20,BroganD1993,1f4db269bcdde838cade57736da696f92d320370,AWjfQ_oTrItCDyYjNmv8,cloudstack-ec2stack/ec2stack/configure.py
380,Unused import,MINOR,CLOSED,1,249834f8c816e90dfc3ca40a1aadddca8e28e947,BroganD1993,2014/8/15,2014/8/20,BroganD1993,1f4db269bcdde838cade57736da696f92d320370,AWjfQA4frItCDyYjNmXQ,cloudstack-ec2stack/ec2stack/providers/cloudstack/instances.py
